conf,end,start,word,diacritized_word
0.382135,0.419878,0.12,أشاد,أَشادَ
0.999521,0.72,0.419878,الرئيس,الرَّئيسُ
0.969087,1.029117,0.720003,المصري,المِصْريُّ
0.969087,1.029117,0.720003,عبد,عَبْدُ
