conf,end,start,word,diacritized_word
0.900092,0.229841,0.03,في,في
0.992613,0.480145,0.229841,أمان,أَمانٍ
0.982095,0.69,0.480145,الله,اللَّهِ
