conf,end,start,word,diacritized_word
0.769036,0.45,0.0,التركي,كِيّْ
0.972886,0.69,0.455135,عَلَى,عَلَى
0.626809,1.021607,0.69,مزيد,مَزِيدٍ
0.516652,1.079092,1.021607,من,مِ