conf,end,start,word
0.919936,0.42,0.03,هائل
0.701735,0.69,0.45,الذي
0.672217,1.115251,0.690616,اندلع
0.672217,1.115251,0.690616,في
