conf,end,start,word
1.0,0.45,0.014086,في
1.0,0.45,0.014086,الوقت
1.0,0.69,0.45,الذي
0.881829,1.165953,0.69,تَراجَعَ
