conf,end,start,word
0.968849,0.75,0.39,الذي
0.938155,1.105837,0.75,قُتِلَ
