conf,end,start,word
0.984137,0.39,0.0,قَرار
0.979741,0.72,0.39,الذي
0.607371,1.17,0.72,قدَّمَتْهُ
