conf,end,start,word
0.984368,0.802135,0.36,الذي
0.225039,1.095353,0.81,تَعُودُ
