conf,end,start,word
1.0,0.48,0.0,القصف
0.999786,0.689926,0.48,الذي
0.94177,1.100693,0.69,تَبَنّاهُ
