conf,end,start,word
0.597466,0.42,0.03,كندي
0.994694,0.690024,0.431351,الذي
0.750346,1.16842,0.690024,وصَفَهُ
