conf,end,start,word
0.937907,0.689641,0.45,الذي
0.92685,1.158198,0.689641,ينتهي
