conf,end,start,word
0.94042,0.479913,0.0,البحرية
0.527096,0.66,0.479913,الذي
0.378602,1.094424,0.66,وَقَّعَتهُ
