conf,end,start,word
1.0,0.391717,0.15,قال
0.896386,0.69,0.391717,الرئيس
0.867727,0.9998,0.69,المصري
0.092284,1.17,0.9998,عبد
