conf,end,start,word
1.0,0.42,0.09,أكَّدَ
1.0,0.690029,0.42,الرئيس
0.998261,1.022603,0.690029,المصري
0.255252,1.14,1.022603,عبد
