conf,end,start,word
0.980623,0.36,0.03,يُدِينُ
0.996058,0.722055,0.36,الرئيس
0.836632,1.087708,0.722055,الأمريكي
