conf,end,start,word
0.382135,0.419878,0.12,أشاد
0.999521,0.72,0.419878,الرئيس
0.969087,1.029117,0.720003,المصري
0.969087,1.029117,0.720003,عبد
