conf,end,start,word
0.997826,0.78,0.167862,قواتُ
0.997826,0.78,0.167862,الرئيس
1.0,1.135894,0.78,اليمني
