conf,end,start,word
1.0,0.39,0.0,القصف
1.0,0.783565,0.39,الروسي
0.537847,1.158805,0.783565,الكثيف
