conf,end,start,word
1.0,0.36,0.0,طيران
1.0,0.810798,0.36,الروسي
0.318304,1.17,0.810798,استهدف
