conf,end,start,word
0.990755,0.84,0.077523,على
0.990755,0.84,0.077523,السعودية
0.584823,1.17,0.84,لِفَكّ
