conf,end,start,word
0.331747,0.269772,0.0,الحج
0.949174,0.809082,0.269772,السعودية
0.999323,1.16614,0.809082,اليوم
