conf,end,start,word
0.971923,0.29928,0.03,لدى
0.937666,0.84,0.29928,السعودية
0.937666,0.84,0.29928,الكثير
