conf,end,start,word
0.998109,0.780209,0.023727,العامة
0.998109,0.780209,0.023727,السعودية
0.669257,1.099825,0.780209,إصدارَ
