conf,end,start,word
1.0,0.870075,0.003563,السعودية
1.0,0.870075,0.003563,كَشَفَت
