conf,end,start,word
0.527669,0.237334,0.0,بأنَّ
0.998055,0.918836,0.237334,السعودية
0.998055,0.918836,0.237334,قد
