conf,end,start,word
0.500882,0.299552,0.0,أراضي
1.0,0.87,0.299552,السعودية
0.489518,1.17,0.87,وتم
