conf,end,start,word
0.963158,0.36,0.03,إحلال
1.0,0.75,0.36,السلام
1.0,0.87,0.75,في
0.995475,1.168686,0.87,اليمن
