conf,end,start,word
0.995115,0.39,0.0,والهيئة
0.993254,1.087906,0.78,السورية
0.993254,1.087906,0.78,العليا
