conf,end,start,word
0.938562,0.358804,0.03,حلب
0.74754,0.81,0.358804,السورية
0.890857,1.098659,0.815769,أَعْلَنَت
