conf,end,start,word
0.377087,0.324329,0.03,قامت
0.998692,0.81,0.324329,الشعبية
0.919276,0.96,0.81,في
0.491469,1.168797,0.96,تَعِز
