conf,end,start,word
0.987938,0.36,0.0,المقاومة
0.987938,0.81002,0.36,الشعبية
0.998543,1.167092,0.81002,والجيش
