conf,end,start,word
0.646302,0.780534,0.323952,المقاومة
0.646302,0.780534,0.323952,الشعبية
0.76879,0.899529,0.780534,في
0.351287,1.17,0.9,المنطقة
