conf,end,start,word
1.0,0.838719,0.0,المقاومة
1.0,0.838719,0.0,الشعبية
0.859313,1.139716,0.84,والجيش
