conf,end,start,word
0.857335,0.357244,0.0,المقاومة
0.95776,0.780011,0.357244,الشعبية
0.998632,0.93,0.780011,من
0.998632,1.17,0.93,جِهَة
