conf,end,start,word
0.989405,0.81,0.064899,المقاومة
0.989405,0.81,0.064899,الشعبية
0.989405,0.81,0.064899,أَنَّها
