conf,end,start,word
0.939569,0.449495,0.0,القطري    
0.934264,0.72,0.449495,الشيخ
0.940771,1.056496,0.72,محمد
