conf,end,start,word
0.939549,0.449594,0.0,القطري
1.0,0.69,0.449594,الشِيخ
1.0,1.122756,0.69,مَحَمَّد
