conf,end,start,word
0.9932,0.388679,0.03,قطر
1.0,0.75,0.388679,الشيخ
1.0,1.169034,0.78,تميم
