conf,end,start,word
0.974666,0.33,0.03,جنوب
1.0,0.78,0.330145,العاصمة
0.983877,1.14,0.78,الصومالية
