conf,end,start,word
0.889094,0.289911,0.03,في
1.0,0.84,0.289911,العاصمة
1.0,1.17,0.84,كابول
