conf,end,start,word
0.90165,0.262892,0.03,في
1.0,0.9,0.262892,العاصمة
1.0,1.17,0.9,دمشق
