conf,end,start,word
0.724689,0.318058,0.03,شرطة
1.0,0.81,0.318058,العاصمة
0.543103,1.14,0.81,الأفغانية
