conf,end,start,word
0.983802,0.299844,0.03,شرق
1.0,0.869704,0.299844,العاصمة
0.990138,1.17,0.87,صنعاء
