conf,end,start,word
0.922008,0.263919,0.03,في
1.0,0.84,0.263919,العاصمة
1.0,1.17,0.84,بغداد
