conf,end,start,word
0.89088,0.261867,0.03,في
1.0,0.87,0.261867,العاصمة
0.41195,1.17,0.9,الليبية
