conf,end,start,word
0.89258,0.328481,0.18,في
1.0,0.810024,0.328481,العاصمة
0.998113,1.17,0.810024,القطرية
