conf,end,start,word
0.757643,0.314077,0.18,في
1.0,0.84,0.314077,العاصمة
1.0,1.14,0.84,كابول
