conf,end,start,word
0.891865,0.323278,0.210315,في
1.0,0.81,0.323278,العاصمة
1.0,1.17,0.81,الأميركية
