conf,end,start,word
1.0,0.39,0.0,الشعبي
1.0,0.72,0.39,العام
0.997556,0.995241,0.72,الذي
0.305327,1.17,0.995241,يرى
