conf,end,start,word
1.0,0.45,0.179833,هذا
1.0,0.69,0.45,العام
1.0,0.81,0.69,في
1.0,1.139707,0.81,اليمن
