conf,end,start,word
0.64851,0.329782,0.03,إيران
0.988968,0.449594,0.329782,من
1.0,0.72,0.449594,العام
1.0,1.14,0.72,الماضي
