conf,end,start,word
1.0,0.36,0.03,إخراج
1.0,0.81,0.36,العراق
0.999593,0.987987,0.81,من
0.999593,0.987987,0.81,أزمة
