conf,end,start,word
0.92185,0.418079,0.3,في
1.0,0.75,0.418079,العراق
0.955001,0.99,0.75,أيضاً
0.955001,0.99,0.75,قال
