conf,end,start,word
0.557176,0.378166,0.03,إلى
0.998307,0.81,0.378166,العراق
0.996944,1.17,0.81,وسوريا
