conf,end,start,word
0.990691,0.33,0.0,القوات
1.0,0.780359,0.33,العراقية
0.957977,1.08,0.780359,باتت
