conf,end,start,word
0.906541,0.323623,0.0,قُوَّات
1.0,0.84,0.323623,العراقية
0.860811,0.957556,0.84,في
0.382359,1.17,0.96,مدينة
