conf,end,start,word
0.975842,0.328736,0.0,دِفاع
1.0,0.84,0.328736,العراقية
0.712437,1.169745,0.84,أعْلَنَ
