conf,end,start,word
0.911522,0.837746,0.0,شرطة
0.911522,0.837746,0.0,العراقية
0.911522,0.837746,0.0,أن
0.911522,0.837746,0.0,اثنان
