conf,end,start,word
0.99629,0.87,0.026211,قُوَّات
0.99629,0.87,0.026211,العراقية
