conf,end,start,word
0.803188,0.284304,0.0,الأمن
0.993243,0.84,0.284304,العراقية
0.82371,1.135727,0.84,لهم
