conf,end,start,word
0.948021,0.870249,0.129281,قُوَّات
0.948021,0.870249,0.129281,العراقية
0.147522,1.14,0.8704,تمَّت
