conf,end,start,word
0.501791,0.354346,0.03,قالت
1.0,0.78,0.354346,القوات
1.0,1.11,0.78,الكردية
