conf,end,start,word
0.701022,0.389904,0.0,واتهَمَ
0.998763,0.749953,0.389904,القوات
0.354112,1.161491,0.749953,المدعومة
