conf,end,start,word
0.975898,0.36,0.0,إن
0.99527,0.75,0.36,القوات
0.928153,1.17,0.75,الأميركية
