conf,end,start,word
0.982083,0.75,0.058969,كشَفَت
0.982083,0.75,0.058969,القوات
1.0,1.14,0.75,المُسَلَّحَه
