conf,end,start,word
0.889413,0.358053,0.03,عسكر
0.979095,0.81,0.358053,القوات
1.0,1.169582,0.81,الخاصة
