conf,end,start,word
1.0,0.360004,0.03,وجود
0.99975,0.75234,0.360004,القوات
0.828166,1.081307,0.75234,التُّرْكِيَّةُ