conf,end,start,word
0.996109,0.42,0.031024,وإلى
0.968523,0.75,0.42,اللقاء
