conf,end,start,word
0.875595,0.416628,0.15,وإلى
1.0,0.75,0.416628,اللقاء
