conf,end,start,word
0.900092,0.229841,0.03,في
0.992613,0.480145,0.229841,أمان
0.982095,0.69,0.480145,الله
