conf,end,start,word
0.995388,0.36,0.03,محمد
0.917882,0.629882,0.48,عبدالله
0.79999,1.11,0.63,فِرْمَاجُو
