conf,end,start,word
0.949244,0.269524,0.0,الولايات
1.0,0.84,0.269524,المتحدة
0.930494,1.169593,0.84,وبشكل
