conf,end,start,word
1.0,0.33,0.0,الولايات
1.0,0.810248,0.33,المتحدة
0.618877,1.116713,0.810248,تدعمُه
