conf,end,start,word
0.975607,0.33,0.0,الأُمم
1.0,0.84,0.33,المتحدة
0.845122,1.129669,0.84,للدعم
