conf,end,start,word
0.951293,0.299882,0.0,أُمم
1.0,0.87,0.299882,المتحدة
0.43374,1.073786,0.87,بعد
