conf,end,start,word
0.733108,0.249347,0.0,الولايات
1.0,0.87,0.249347,المتحدة
0.358253,1.17,0.87,سَحَب
