conf,end,start,word
0.99205,0.329942,0.03,رئيس
0.878346,0.81,0.329942,المجلس
0.806007,1.167655,0.81,الرئاسي
