conf,end,start,word
0.942554,0.300048,0.03,يُقِر
0.998496,0.803554,0.300048,المجلس
0.998496,0.803554,0.300048,الإجراءات
