conf,end,start,word
0.968134,0.329946,0.03,رئيس
1.0,0.78,0.329946,المجلس
1.0,1.17,0.78,العسكري
