conf,end,start,word
0.725253,0.329614,0.15,إن
0.996152,0.830425,0.329614,المجلس
0.996152,0.830425,0.329614,يجب
