conf,end,start,word
0.993291,0.299967,0.03,رئيس
1.0,0.81,0.299967,المجلس
1.0,1.11,0.81,الأعلى
