conf,end,start,word
0.996479,0.300028,0.03,رئيس
0.998588,0.838803,0.300028,المجلس
0.268504,1.17,0.96,السياسي
