conf,end,start,word
0.563211,0.359281,0.03,قال
0.977335,0.78,0.362554,المجلس
1.0,1.14,0.78,العسكري
