conf,end,start,word
0.974391,0.360097,0.03,رئيس
0.994366,0.780071,0.360097,المجلس
0.994608,1.108099,0.780071,الأعلى
