conf,end,start,word
0.606212,0.244343,0.03,وفد
1.0,0.84,0.244343,المعارضة
1.0,1.17,0.84,السورية
