conf,end,start,word
0.80428,0.33,0.03,وفد
1.0,0.84,0.33,المعارضة
0.995069,1.139479,0.84,السورية
