conf,end,start,word
0.992514,0.329088,0.03,بين
1.0,0.84,0.329088,المقاومة
1.0,1.17,0.84,الشعبية
