conf,end,start,word
0.87543,0.261134,0.03,بين
1.0,0.87,0.261134,المقاومة
1.0,1.1696,0.87,الشعب
