conf,end,start,word
,,,نِهايةُ
1.0,0.84,0.050296,الموجَز
0.798576,1.072313,0.81966,الآن
0.99672,0.93,0.81,إلى
