conf,end,start,word
0.992243,0.36,0.0,إنتهى
1.0,0.84,0.050296,الموجَز
0.917437,0.899904,0.782383,إلى
0.962436,1.14,0.899904,اللقاء
