conf,end,start,word
0.981243,0.360467,0.06,خِتام
1.0,0.84,0.050296,الموجَز