conf,end,start,word
,,,في
1.0,0.42,0.09,دَعم
0.995591,0.751208,0.42,النِظام
0.904716,1.154242,0.751208,السياسي
