conf,end,start,word
0.98059,0.33,0.03,رَئيس
1.0,0.780172,0.33,الوِزراء
0.950134,1.139131,0.780172,الثَاني
