conf,end,start,word
0.521697,0.36,0.03,رَئيس
1.0,0.750079,0.36,الوِزراء
0.731559,1.169171,0.750585,السُودَاني
