conf,end,start,word
0.984714,0.36,0.03,رَئيس
1.0,0.81,0.36,الوِزراء
0.934328,1.165967,0.81,اليمَني
