conf,end,start,word
0.993226,0.33,0.030145,رَئيسُ
1.0,0.78034,0.33,الوِزراء
0.950448,1.115366,0.78034,التُونسي
