conf,end,start,word
0.932662,0.33,0.03,رَئيس
1.0,0.810503,0.33,الوِزراء
0.636665,1.14,0.810503,وَزير
