conf,end,start,word
0.888173,0.357042,0.0,الوِفاق
1.0,0.81,0.357042,الوَطَني
0.959381,1.003941,0.81,الليبي
