conf,end,start,word
0.91364,0.329902,0.0,دِفاع
1.0,0.780017,0.329902,الوَطني
0.997772,0.93,0.780017,في
0.99213,1.108567,0.93106,مِصر
