conf,end,start,word
0.935708,0.265007,0.0,وِفاق
1.0,0.84,0.265007,الوَطني
0.968612,1.03285,0.84,الليبي
