conf,end,start,word
0.982064,0.329388,0.0,حَرس
0.986562,0.81,0.329388,الوَطَني
0.839451,1.139814,0.81,قُتلوا
