conf,end,start,word
0.99312,0.300036,0.0,لِجيش
0.998092,0.809966,0.300036,الوَطني
1.0,1.162014,0.809966,اليمني
