conf,end,start,word
0.278325,0.346437,0.036983,تَفي
0.991497,0.78,0.346437,الوِلايات
1.0,1.13972,0.78,المُتحِدة
