conf,end,start,word
,,,إن
0.748813,0.335416,0.042303,لَدي
1.0,0.72,0.355405,الوِلايات
1.0,1.10922,0.72,المُتحِدة
