conf,end,start,word
0.305181,0.367583,0.03,قَادت
1.0,0.72,0.355405,الوِلايات
1.0,1.10922,0.72,المُتحِدة
