conf,end,start,word
0.89073,0.33,0.0,نَبقى
0.998518,0.419857,0.33,في
1.0,0.72,0.419857,الوِلايات
1.0,1.099573,0.72,المُتحِدة
