conf,end,start,word
0.951389,0.36,0.03,جَنوب
1.0,0.803776,0.362917,اليمن
0.578179,1.14,0.81,أُصيب
