conf,end,start,word
,,,الحَربَ
0.9436,0.388875,0.210068,في
1.0,0.747797,0.388875,اليمن
0.542547,1.063902,0.75,تَدخُل
