conf,end,start,word
0.867629,0.269723,0.0,الحَرب
1.0,0.36,0.269723,في
1.0,0.78,0.36,اليَمن
