conf,end,start,word
0.792948,0.417574,0.0,شَرقي
0.951618,0.81,0.417574,اليَمن
