conf,end,start,word
0.995633,0.359552,0.18,إلى
1.0,0.81,0.359552,اليَمن
0.542813,1.169395,0.9,حَيثُ
