conf,end,start,word
,,,حُكومَة
1.0,0.780012,0.131399,اليَمَنية
0.967669,0.900058,0.780012,ما
0.952831,1.139122,0.900058,ورد
