conf,end,start,word
0.915989,0.29833,0.03,عَدن
1.0,0.84,0.29833,اليَمَنية
0.789474,1.17,0.84,تُعاني
