conf,end,start,word
0.993176,0.36,0.0,الحُكومة
1.0,0.78351,0.36,اليَمَنية
0.32509,1.139079,0.78351,أَفشَلت
