conf,end,start,word
0.490407,0.329066,0.0,أزمَةُ
0.984688,0.813146,0.329066,اليَمَنية
0.54311,1.17,0.813146,تَنَازُل
