conf,end,start,word
0.647076,0.30289,0.0,أطراف
0.987622,0.84,0.30289,اليَمَنية
0.981084,1.138958,0.87,غداََ
