conf,end,start,word
0.991193,0.32998,0.0,الأَنباء
1.0,0.835529,0.32998,اليَمَنية
0.453918,1.14,0.84,سبأ
