conf,end,start,word
0.986152,0.36,0.03,ظَهرَ
1.0,0.78,0.36,اليَوم
0.458255,1.169732,0.78,لِعَشر
