conf,end,start,word
,,,استأنَف
0.881634,0.719903,0.058275,اليَوم
0.838007,1.139874,0.719903,الاثنين
