conf,end,start,word
,,,وَقَعَ
0.985737,0.719954,0.330215,اليَوم
0.484219,1.108422,0.72,أربَعة
