conf,end,start,word
0.480959,0.42,0.03,يُجري
1.0,0.72,0.42,اليَوم
0.813948,1.0471,0.72,جَولة
