conf,end,start,word
0.785166,0.167354,0.03,في
1.0,0.45,0.167354,اليَمن
0.927695,0.690695,0.45,بِأن
0.805056,1.079397,0.690695,عَشرات
