conf,end,start,word
0.994493,0.42,0.03,سُوريا
0.986766,0.72,0.42,بِأن
0.476271,1.167803,0.72,طَائِرات
