conf,end,start,word
0.991507,0.420035,0.03,واضِحة
0.992965,0.69,0.420035,بِأن
1.0,1.143552,0.69,أوروبا
