conf,end,start,word
,,,في
0.995945,0.450786,0.000261,السودان
0.806771,0.689717,0.450786,بِأن
0.772595,1.17,0.689717,مَنسوباً
