conf,end,start,word
0.551746,0.42,0.0,جَزيرة
0.993051,0.721699,0.42,بِأن
0.185447,1.091414,0.721699,عَشرات
