conf,end,start,word
0.805389,0.45,0.0,صُومال
0.670791,0.72,0.45,بِأن
0.874075,1.11,0.75,أربعة
