conf,end,start,word
0.394851,0.478823,0.0,أؤمِنُ
0.795484,0.722614,0.478823,بِأن
0.697569,1.138856,0.722614,إنتخابات
