conf,end,start,word
0.942569,0.45,0.0,سُودان
0.981623,0.72,0.45,بِأن
0.429746,1.17,0.72,طَائِرة
