conf,end,start,word
0.929421,0.450107,0.03,الجَزيرة
0.97802,0.69,0.450107,بِأن
0.514661,1.087257,0.72,ثَلاثةَ
