conf,end,start,word
0.823944,0.45,0.0,الجَزيرة
0.952278,0.72,0.45,بِأن
0.666157,1.108868,0.750538,خَمسة
