conf,end,start,word
0.623115,0.45,0.03,عَسكري
1.0,0.66,0.451215,بِاسم
0.995631,1.169686,0.66,الحُوثيين
