conf,end,start,word
0.754178,0.45,0.0,مُتَحدثُ
1.0,0.691531,0.45,بِاسم
0.751004,1.067205,0.694167,الخَارجية
