conf,end,start,word
,,,تَركَ
0.948391,0.724118,0.391361,بِشأن
0.715548,1.152747,0.724118,البرنامج
