conf,end,start,word
0.993703,0.840219,0.3,بِشأن
0.544925,0.998612,0.840219,مِلف
