conf,end,start,word
0.689847,0.39,0.0,نِقاش
0.963924,0.78,0.39,بِشأن
0.404304,1.025003,0.78012,وِزارة
