conf,end,start,word
0.993166,0.780123,0.36,بِشأن
0.981886,1.11,0.780123,هذا
