conf,end,start,word
0.945982,0.39,0.0,عَروس
0.995009,0.75,0.39,بِشأن
0.99211,1.136656,0.75,أي
