conf,end,start,word
,,,مَلكيه
0.994021,0.749516,0.339465,بِشأن
0.442179,1.109054,0.75,مَقتلِ
