conf,end,start,word
0.719706,0.415498,0.03,فَائِقه
1.0,0.750041,0.415498,بِشأن
0.909931,1.138394,0.750041,القَضية
