conf,end,start,word
0.938425,0.750095,0.39,بَعد
,,,ما
0.823769,1.17,0.9,أن
