conf,end,start,word
0.992209,0.75,0.39,بَعد
0.518243,1.017346,0.750108,عبورِ
