conf,end,start,word
0.994048,0.239418,0.03,في
1.0,0.48,0.239418,قَطر
0.987391,0.66,0.48,بَعد
1.0,0.964277,0.66,حوالي
0.5225,1.14,0.964277,الساعة
