conf,end,start,word
0.930125,0.719667,0.42,بَعد
0.920743,1.139765,0.72,انسِِحاب
