conf,end,start,word
0.973993,0.750747,0.39,بَعد
0.787969,1.085532,0.750747,إعلان
