conf,end,start,word
1.0,0.45,0.03,فَرنسا
0.999101,0.706446,0.45,بَعد
0.539591,1.135202,0.72,جَريمة
