conf,end,start,word
1.0,0.48,0.0,اليوم
0.987442,0.69,0.48,بَعد
0.989817,0.802592,0.69,أن
0.468734,1.14,0.81,تَوصل
