conf,end,start,word
1.0,0.48,0.0,عَبدالإله
0.839762,0.66,0.48,بِن
0.839762,1.109617,0.66,كِيران
