conf,end,start,word
0.933677,0.239968,0.0,أحمد
1.0,0.582093,0.239968,سَعيد
,,,بِن
0.740386,1.109874,0.603252,بِريك
