conf,end,start,word
0.361906,0.352496,0.03,عَقلِ
0.462925,0.75,0.39,تَنظيم
1.0,1.098933,0.75,الدَولة
