conf,end,start,word
0.958756,0.36,0.03,زَعيم
1.0,0.796468,0.36,تَنظيم
0.548931,1.17,0.96,الدَولة
