conf,end,start,word
,,,عَقِل
0.863541,0.780047,0.288213,تَنظيم
0.996524,1.099039,0.780047,الدَولة
