conf,end,start,word
0.993166,0.75,0.03,وجَنوب
0.986544,1.138698,0.78,شَرقي
