conf,end,start,word
0.988486,0.39,0.211661,في
0.994996,0.69,0.39,جَنوب
1.0,1.14,0.69,اليَمن
