conf,end,start,word
,,,هُم
0.947476,0.448826,0.27,في
1.0,0.75,0.448826,جَنوب
0.579843,1.17,0.78,الشَرقي
