conf,end,start,word
,,,في
0.908543,0.39,0.030189,عَدن
0.980961,0.72,0.39,جَنوب
1.0,1.11,0.720571,اليَمن
