conf,end,start,word
0.330037,0.42,0.03,حَالي
1.0,0.75,0.452155,جَنوب
0.775401,1.08173,0.78,غَربي
