conf,end,start,word
0.616978,0.42,0.03,لِعدن
0.98996,0.72,0.42019,جَنوب
1.0,1.08,0.720245,اليَمن
