conf,end,start,word
1.0,0.36,0.21,مِن
1.0,0.78,0.36,جِهته
0.987019,1.05,0.805317,قَال
