conf,end,start,word
1.0,0.36,0.21,مِن
1.0,0.78,0.36,جِهتهِ
0.911635,1.082472,0.779659,أَعلَنَ
