conf,end,start,word
0.607729,0.18,0.030441,في
1.0,0.39,0.18,ريف
1.0,0.72,0.42,حَلب
1.0,1.10907,0.72,الجَنوبي
