conf,end,start,word
0.5132,0.41435,0.03,تَحريرَ
1.0,0.750187,0.41435,حَلب
0.962455,0.870421,0.750187,لا
0.863004,1.14,0.870421,يَعني
