conf,end,start,word
0.981623,0.209852,0.031464,في
1.0,0.42,0.209852,رِيف
1.0,0.72,0.45,حَلب
0.994107,1.14,0.72,الشَمالي
