conf,end,start,word
0.974398,0.418901,0.216149,رِيفِ
1.0,0.780992,0.42,حَلب
0.836713,1.057318,0.780992,الغربي
