conf,end,start,word
0.859113,0.36,0.03,بِريف
1.0,0.81,0.39,حَلب
0.926822,1.10812,0.72004,الجَنوبي
