conf,end,start,word
0.462439,0.42,0.03,وحَمل
1.0,0.75,0.36,رَئِيس
0.999776,1.105077,0.69,بَلدية
