conf,end,start,word
,,,قَالَ
0.875073,0.688596,0.478421,إنَ
0.985072,1.17,0.689125,الإنتِخَابَات
