conf,end,start,word
0.730618,0.51,0.0,أمرِيكِيةَ
0.60742,0.659971,0.51,إنَ
0.803914,1.10408,0.659971,الوَزِيرَ
