conf,end,start,word
0.996933,0.51,0.03,قَالَت
0.644346,0.689722,0.51,إنَ
0.174058,1.169338,0.69,مُواطِن
