conf,end,start,word
0.993445,0.48,0.24,قَالَ
0.935105,0.659855,0.48,إنَ
0.89069,1.100734,0.66,إستِمرَارَ
