conf,end,start,word
1.0,0.45,0.12,قَال
0.92415,0.69,0.45,إنَ
0.697239,1.17,0.690411,تَوقِيت
