conf,end,start,word
1.0,0.51008,0.0,أردوغان
0.803804,0.63,0.51008,إن
1.0,1.109154,0.630231,بلاده
