conf,end,start,word
0.394383,0.459774,0.0,تِلَارسُون
0.517368,0.635554,0.459774,إنَ
0.826515,1.109076,0.635554,الولَايَات
,,,المُتَحِدَة
