conf,end,start,word
1.0,0.45,0.03,وَقَالَت
0.910352,0.63,0.45,إنَ
0.579225,0.968288,0.632125,قَرَارَ
0.208715,1.17,0.968288,المَحكَمَة
