conf,end,start,word
0.81096,0.48,0.0,إيرَانِيَ
0.664408,0.63,0.480172,إنَ
0.789685,1.096862,0.63,تَوقِيتَ
