conf,end,start,word
0.335532,0.48,0.03,سَابِق
0.612401,0.66,0.495497,إنَ
1.0,1.11,0.66,بِلاَدَه
