conf,end,start,word
0.44664,0.45,0.03,ظَريِف
0.410184,0.688858,0.45,إنَ
0.831864,0.840624,0.69,مِنَ
0.464068,1.17,0.840624,الضَرُورِي
