conf,end,start,word
,,,اللَذِي
0.991337,0.48,0.030832,قَال
0.890841,0.69,0.48,إنَ
0.965478,0.866797,0.69,ما
0.282748,1.079107,0.87,يُمكِن
