conf,end,start,word
0.659488,0.744122,0.45,إنَ
0.677586,1.14,0.744122,الوِلَايَات
