conf,end,start,word
0.600099,0.48,0.03,جَزِيرَة
0.585488,0.659985,0.48,إنَ
0.69026,1.14,0.660723,مُحتَجِين
