conf,end,start,word
,,,وُصولَ
0.988395,0.359008,0.180073,إلَى
0.997146,0.75,0.359008,إتِفَاقِ
0.99323,0.931786,0.78,مَعَ
0.12974,1.17,0.931786,الوِلاَيَات
