conf,end,start,word
,,,وُصُول
0.601824,0.266366,0.031002,إلَى
0.956903,0.81,0.266366,إتِفَاق
1.0,0.989296,0.81,مَعَ
0.93645,1.17,0.99,مِصر
