conf,end,start,word
,,,وُصُولِ
0.794837,0.299886,0.03,إلَى
0.803492,0.795658,0.299886,إتٍفَاقٍ
0.691063,1.17,0.81,بِشأن
