conf,end,start,word
0.921866,0.350169,0.030321,تَنفِيذِ
0.959581,0.75,0.350169,إتِفَاقِ
0.985862,1.023892,0.75,وَقفِ
,,,إطلاَق