conf,end,start,word
0.90586,0.325612,0.03,تَفَاصِيلِ
0.936023,0.750764,0.325612,إتِفَاقِ
0.664561,1.17,0.750764,التَطبِيع
