conf,end,start,word
,,,وُصُولَ
0.589595,0.313938,0.088537,إلَى
0.976683,0.78,0.313938,إتٍفَاقٍ
0.979044,1.100572,0.78,لِوقَف
