conf,end,start,word
,,,إلَى
0.98349,0.299053,0.03,عَلَى
0.984085,0.75025,0.299053,إتِفَاقٍ
0.634406,1.167206,0.75025,يُتِيحُ
