conf,end,start,word
,,,تَوَصُل
0.972463,0.359317,0.217995,إلَى
0.979861,0.78,0.359317,إتِفَاقٍ
0.874551,1.17,0.78,بِشأن
