conf,end,start,word
0.514973,0.47255,0.0,مُستَشارُ
0.985171,0.69,0.47255,الأَمن
1.0,1.034868,0.690128,القَومِي
