conf,end,start,word
0.988984,0.48,0.030178,مَجلِسِ
0.517096,0.72,0.48,الأَمن
