conf,end,start,word
0.966649,0.39,0.03,مَجلِسِ
1.0,0.719879,0.39,الأمن
0.903203,1.061554,0.72,قَالَت
