conf,end,start,word
0.282304,0.410723,0.03,مَجلِسَ
0.903027,0.790563,0.410723,الأَمن
0.8474,0.99,0.790563,مِن
,,,أن
