conf,end,start,word
0.982127,0.36,0.03,مجلِسُ
1.0,0.78,0.36,الأَمن
0.983638,1.154873,0.81,الدَولِي
