conf,end,start,word
,,,هَيئَةِ
0.990861,0.841096,0.016768,الأَمن
0.50062,1.136033,0.841096,الدَولِي
