conf,end,start,word
0.959771,0.33,0.03,مجِلسُ
1.0,0.780014,0.33,الأَمنِ
0.995071,1.16467,0.780014,والدِفَاع
