conf,end,start,word
0.583291,0.450118,0.03,إعَادَت
0.989391,0.72,0.450118,الأَمن
1.0,1.17,0.720318,لِأمِرِيِكَا
