conf,end,start,word
0.803312,0.28052,0.0,قُوَاتِ
0.982581,0.81,0.28052,الأَمَرِيكِيَة
0.996662,0.93,0.81,فِي
0.988315,1.169771,0.93,سُوريَا
