conf,end,start,word
,,,قُوَاتِ
0.854652,0.839902,0.04994,الأَمرِيكِيَة
0.994499,0.959946,0.84,مِن
0.914296,1.17,0.959946,هُنَا
