conf,end,start,word
1.0,0.330011,0.0,الشُرطَة
0.979499,0.809853,0.330011,الأَمرِيكِيَة
0.229679,1.139344,0.81,لِمبنَي
