conf,end,start,word
0.996009,0.329459,0.0,الإدَارَة
0.990575,0.81,0.329459,الأَمَرِيكِيَة
0.991406,1.169056,0.81,الجَدِيدَة
