conf,end,start,word
0.979643,0.327702,0.0,العَسكَرِيَة
0.995207,0.78017,0.327702,الأَمرِيكِيَة
0.980944,0.965135,0.78017,فِي
0.272776,1.17,0.965135,إفرِيقيَا
