conf,end,start,word
,,,إلَي
,,,مُوجَزِ
0.363652,0.777394,0.157301,الأَنبَاء
0.752203,0.928388,0.778154,مِن
0.319663,1.169311,0.93,قَنَاة
