conf,end,start,word
0.407215,0.38983,0.12,مُوجَزُ
0.992515,0.78,0.38983,الأَنبَاء
0.901659,0.961547,0.78,مِن
,,,قَنَاة
