conf,end,start,word
0.414378,0.358673,0.03,مُوجَز
0.837688,0.75,0.358673,الأَنبَاء
0.670238,0.899977,0.75,مِن
,,,قَنَاه
