conf,end,start,word
0.963049,0.36018,0.03,وَكَالَةُ
0.98844,0.690694,0.36018,الأَنبَاء
0.927596,1.129812,0.690694,المَغرِبِيَة
