conf,end,start,word
0.796264,0.39,0.12,مُوجَزِ
0.917325,0.75,0.393959,الأَنبَاء
0.919039,0.900023,0.750127,مِن
0.202639,1.113849,0.900023,قَنَاة
