conf,end,start,word
0.947089,0.33,0.0,الإحتِلَال
0.98842,0.810773,0.33,الإسرَائِيلِي
0.919437,1.11,0.810773,بَعد
