conf,end,start,word
0.677919,0.288586,0.0,الإحتِلَال
0.760347,0.869724,0.288586,الإسرَائيلي
0.506231,1.077884,0.87,إنَهَا
