conf,end,start,word
0.681368,0.329347,0.0,الوُزَرَاء
0.928441,0.84,0.329347,الإسرَائيلي
0.980721,1.169771,0.84,بِنيَامِين
