conf,end,start,word
0.98631,0.36,0.03,الدَولَةِ
0.98631,0.84,0.36,الإسلَامِيَة
0.991013,0.929844,0.84,فِي
0.966842,1.164592,0.929844,العِرَاق
