conf,end,start,word
0.984646,0.298364,0.0,الدَولَة
1.0,0.84,0.298364,الإسلَامِيَة
1.0,0.990183,0.84,فِي
0.910445,1.17,0.990183,سُوريَا
