conf,end,start,word
0.974162,0.327712,0.0,الدَولَةِ
1.0,0.84,0.327712,الإسلَامِيَة
0.813483,1.107462,0.84,إنهَارَت
