conf,end,start,word
0.99002,0.328756,0.0,الدَولَة
1.0,0.87,0.328756,الإسلَامِيَة
0.989218,1.11,0.87,قَد
