conf,end,start,word
0.842339,0.32741,0.0,الدَولَةِ
0.985574,0.810553,0.32741,الإسلَامِيَة
0.506158,1.17,0.810553,هُجُوم
