conf,end,start,word
,,,الدَولَة
0.963311,0.840706,0.095566,الإسلَامِيَة
0.788444,1.033099,0.840706,عَلَى
