conf,end,start,word
0.980816,0.33,0.0,الرَئِيسُ
1.0,0.839891,0.33,الإيرَاني
0.643916,1.138846,0.84,حَسَن
