conf,end,start,word
0.97728,0.35904,0.0,الثَورِي
0.989161,0.811212,0.35904,الإيرَانِي
0.841223,1.168478,0.811212,قَاسِم
