conf,end,start,word
0.394648,0.323302,0.0,الثَورِي
0.846009,0.837251,0.323302,الإيرَاني
0.999118,1.17,0.837251,إسمَاعيل
