conf,end,start,word
1.0,0.33,0.0,السَفِيرُ
1.0,0.81,0.33,الإيِرَانِي
0.985592,0.961521,0.81,فِي
0.365812,1.17,0.961521,لندَن
