conf,end,start,word
0.369942,0.36,0.0,الثَورِي
0.773727,0.78,0.360305,الإيِرَانِي
0.973613,0.96,0.780358,قَد
,,,قَام
