conf,end,start,word
0.560707,0.33,0.03,تَجنِيب
1.0,0.78235,0.33,البِلَاد
0.615524,1.119309,0.78235,مزيدً
