conf,end,start,word
0.961679,0.36,0.0,إقتِصَادَ
1.0,0.750088,0.36,البِلَاد
0.413488,1.167949,0.750088,يَتَمتَع
