conf,end,start,word
0.931792,0.352086,0.03,تَضرِبُ
1.0,0.809438,0.352086,البِلَاد
0.981269,1.083633,0.81,مُنذُ
