conf,end,start,word
0.720569,0.356631,0.0,شَرقِي
1.0,0.811771,0.356631,البِلَاد
0.747847,1.151655,0.811771,تَشهَدُ
