conf,end,start,word
0.99064,0.33,0.03,غَربِ
1.0,0.78,0.330281,البِلَاد
0.958646,1.109841,0.78,بَعدَ
