conf,end,start,word
1.0,0.39,0.12,مِنَ
0.952511,0.781133,0.39,البِلَاد
0.550631,1.136054,0.781133,تُؤَكِد
