conf,end,start,word
0.5816,0.36,0.030855,تَقُودَ
1.0,0.839534,0.36,البلَاد
0.975328,1.109033,0.84,إلَى
