conf,end,start,word
0.714752,0.327555,0.03,وَكَانَ
0.979896,0.78,0.327555,التحَالُف
0.908754,1.14,0.78,السُعوُدِي
