conf,end,start,word
0.609668,0.35203,0.03,قَادَة
1.0,0.81,0.35203,التحَالُفُ
0.996553,1.16816,0.81,الوَطَنِي
