conf,end,start,word
0.732054,0.359008,0.030757,قُوَاتِ
1.0,0.810004,0.359008,التحَالُف
0.9991,0.9,0.810004,فِي
0.985555,1.165917,0.9,اليَمن
