conf,end,start,word
1.0,0.39,0.0,الرَئِيسُ
1.0,0.78,0.39,التُركِي
0.998825,1.075138,0.78,رَجَب
0.752006,1.168373,1.078373,طَيِب
