conf,end,start,word
1.0,0.36,0.0,الرَئِيسُ
1.0,0.78,0.36,التُركِي
1.0,1.050138,0.78,رَجَب
0.894983,1.139852,1.050138,طَيِب
