conf,end,start,word
,,,وَزِير
1.0,0.42,0.0,الخَارِجِيَة
0.967071,0.750039,0.42,التٌركِي
0.853233,0.87,0.750039,إنَ
0.833525,1.136295,0.87,بِلادَهُ
