conf,end,start,word
0.458274,0.36,0.03,الدِفَاع
0.557169,0.809308,0.360046,التُركِي
0.527919,1.17,0.822631,فِكرِي
