conf,end,start,word
0.556006,0.345251,0.03,رَئِيس
,,,الوَزَرَاء
0.602321,0.839848,0.345251,التٌركِي
0.993954,0.99,0.84,بِن
0.998807,1.14,0.99,عَلِي
