conf,end,start,word
0.9923,0.38927,0.03,لِقَناةِ
1.0,0.78,0.38927,الجَزِيرَة
0.965961,0.9,0.78,فِي
0.667794,1.169686,0.9,قَطر
