conf,end,start,word
,,,مُراسِلُ
0.999393,0.750083,0.33,الجَزيرَة
0.989495,0.900231,0.750083,عَن
0.567436,1.168439,0.900231,مَصدَر
