conf,end,start,word
0.582998,0.390015,0.03,إستَرجَع
0.99891,0.779854,0.390015,الجَيشُ
0.875927,1.126626,0.78,الوَطَنِيُ
