conf,end,start,word
0.868718,0.386796,0.15,وَأَنَ
1.0,0.777132,0.386796,الجَيشَ
0.90183,1.109646,0.78,اليَمَنِي
