conf,end,start,word
,,,قِيَادَةِ
0.980013,0.78,0.042498,الجَيش
0.930167,0.96,0.78,فِي
0.328137,1.14,0.96,وَجه
