conf,end,start,word
0.61195,0.420012,0.03468,مَعقَلَ
0.999493,0.72,0.421148,الجَيشُ
0.756782,1.056136,0.72,الوَطَنِيُ
