conf,end,start,word
0.241313,0.480046,0.03,قُوَّاتُ
0.733553,0.780068,0.480046,الجَيش
0.980926,1.097707,0.780068,العِرَاقِي
