conf,end,start,word
0.889328,0.39,0.03,قِيَادَةُ
1.0,0.720055,0.39,الجَيش
0.996559,1.102418,0.720055,الأمرِيكِي
