conf,end,start,word
0.741091,0.443341,0.03329,خِلَالَهَا
0.998497,0.72,0.443341,الجَيشُ
1.0,1.116344,0.72,الوَطَنِي
