conf,end,start,word
0.638579,0.387837,0.03,وَفدَيِ
0.998824,0.78,0.387837,الحُكُومَة
0.974881,1.094,0.78,اليَمَنِيَة
