conf,end,start,word
0.671468,0.326839,0.03,مَوقِفَ
1.0,0.810023,0.326839,الحُكُومَةِ
0.962849,1.17,0.810023,الفَرنسِيَة
