conf,end,start,word
0.786658,0.42,0.03,مِيِلِيِشيَا
0.993949,0.751326,0.42,الحُوثِي
0.754855,1.071528,0.751326,وقُواَت
