conf,end,start,word
0.753339,0.36,0.03047,جَمَاعة
1.0,0.78,0.36,الحُوثِي
0.997519,1.050265,0.78,محمَد
