conf,end,start,word
0.934173,0.36,0.03,جَمَاعة
0.999437,0.782218,0.36,الحُوثِي
0.749395,1.051165,0.782218,مُحَمد
