conf,end,start,word
0.991572,0.359893,0.030581,جَمَاعةِ
1.0,0.810264,0.359893,الحُوثِي
0.708782,1.17,0.810264,مُجَمع
