conf,end,start,word
0.602916,0.178254,0.0,إنَ
0.721509,0.389405,0.178254,وَفد
0.990043,0.779749,0.389405,الحُوثِي
0.985445,1.14,0.78,صَالِح
