conf,end,start,word
0.669829,0.358629,0.03,مِيلِيشيَا
1.0,0.81036,0.358629,الحُوثِي
0.846966,1.109968,0.81036,وَالرَئِيس
