conf,end,start,word
0.708333,0.291976,0.03,جَمَاعة
0.999039,0.691279,0.291976,الحُوثِي
0.568109,1.158803,0.691279,والسُلُطَات
