conf,end,start,word
0.99296,0.36,0.030196,جَمَاعةِ
1.0,0.751283,0.36,الحُوثِي
0.335025,1.17,0.751283,إجرَاء
