conf,end,start,word
0.754759,0.307229,0.03,وَزِيرَة
1.0,0.810027,0.307229,الخَارِجِيَة
0.392461,1.17,0.810027,الكَنَدِيَة
