conf,end,start,word
0.996578,0.36,0.03,وَزِير
0.800595,0.78,0.39,الخَارِجِيَة
0.654387,1.013782,0.78,اليَمَنِي
