conf,end,start,word
,,,وَزِيرُ
0.998463,0.870445,0.010567,الخَارِجِيَة
0.490814,1.162396,0.870445,القَطَرِي
