conf,end,start,word
0.582847,0.294175,0.03,إسرَائِيل
0.875951,0.417984,0.294175,فِي
0.999577,0.75,0.417984,الدِفَاع
1.0,0.869686,0.75,عن
0.701367,1.154076,0.87,نَفسِها
