conf,end,start,word
1.0,0.42,0.03,وَزِير
0.939041,0.750119,0.42,الدِفَاع
0.921235,1.17,0.750119,السُعُودِي
