conf,end,start,word
0.996997,0.405231,0.03,وَزَارَة
0.506162,0.750075,0.42,الدِفَاع
0.433075,1.17,0.750075,الإمَارَاتِي
