conf,end,start,word
0.534673,0.3,0.035833,وَزَارَة
1.0,0.780058,0.330282,الدِفَاع
0.703253,1.17,0.780058,الأمرِيكِي
