conf,end,start,word
,,,وَزَارَة
0.295508,0.779609,0.002161,الدِفَاع
0.343056,1.098669,0.781172,التُركِي
