conf,end,start,word
0.577063,0.285906,0.03,تَنظِيم
1.0,0.84,0.285906,الدَولَة
0.997945,1.020171,0.84,في
0.954509,1.17,1.020171,سُوريا
