conf,end,start,word
0.95179,0.358113,0.03,تَنظِيم
1.0,0.75,0.358113,الدَولَة
1.0,0.93,0.75,في
1.0,1.17,0.93,سُوريا
