conf,end,start,word
1.0,0.36,0.03,تَنظِيم
1.0,0.78,0.36,الدَولَة
0.941871,0.901104,0.78,مِن
0.662028,1.17,0.901104,مَدِينَة
