conf,end,start,word
1.0,0.39,0.03,تَنظِيم
1.0,0.752328,0.39,الدَولَة
0.278362,1.130945,0.752328,لِأخبَار
