conf,end,start,word
0.48172,0.419946,0.03,المَبعُوثَ
0.388454,0.808488,0.419946,الدَولِي
0.645183,1.13689,0.81,لِليَمن
