conf,end,start,word
0.997698,0.42,0.0,المَبعُوث
0.997698,0.779938,0.42,الدَولِي
0.995621,0.960141,0.78,إلَى
0.986937,1.17,0.960141,سُوريَا
