conf,end,start,word
0.978127,0.39,0.0,المَبعُوث
0.978127,0.750046,0.39,الدَولِي
0.997476,0.9,0.750046,إلَى
0.997476,1.138211,0.9,اليَمن
