conf,end,start,word
0.9767,0.36,0.0,المُجتَمع
0.9767,0.78,0.36,الدَولِي
0.936089,1.16841,0.780422,بِخُصوص
