conf,end,start,word
0.99619,0.39,0.0,التَحالُف
0.99619,0.81,0.39,الدَولِي
0.965759,0.982987,0.84,ضِدَ
