conf,end,start,word
0.965096,0.42,0.03,عَلياء
0.97805,0.75,0.42,الدَولي
0.950666,1.169446,0.75,بِالأُردُن
