conf,end,start,word
0.968903,0.39,0.0,اللقاء
0.998907,0.72,0.39,الذي
0.186659,1.17,0.99,جَمِعَهُ
