conf,end,start,word
0.431512,0.45,0.03,مينائِها
0.99809,0.690124,0.45,الذي
0.691533,1.073256,0.690124,يعتمدُ
