conf,end,start,word
0.877002,0.720341,0.42,الذي
0.662458,1.121258,0.720341,يَشْهده
