conf,end,start,word
1.0,0.720064,0.39,الذي
0.686371,1.086763,0.720064,يُمَثِّلُ
