conf,end,start,word
0.982809,0.689977,0.42,الذي
0.946987,1.108938,0.689977,يُقَدِّمُهُ
