conf,end,start,word
0.227816,0.348616,0.0,جُثْمان
0.967193,0.72,0.348616,الرئيس
0.872081,1.059108,0.72,التونسي
