conf,end,start,word
0.980027,0.389741,0.06,جدَّدَ
0.997205,0.72,0.389741,الرئيس
0.952615,1.103398,0.72,الأمريكيُ
