conf,end,start,word
1.0,0.39,0.0,أكَّدَ
1.0,0.720036,0.39,الرئيس
0.989582,1.095586,0.720036,الأمريكي
