conf,end,start,word
0.511432,0.42,0.03,وَعَدَ
1.0,0.75,0.434047,الرئيس
0.97928,1.139525,0.75,الأميركي
