conf,end,start,word
0.875433,0.415975,0.0,وقال
0.87183,0.69,0.419552,الرئيس
0.887677,1.100738,0.69,الصيني
