conf,end,start,word
0.978496,0.42,0.030309,إدارة
1.0,0.72,0.42,الرئيس
1.0,0.99,0.75,دونالد
0.879774,1.17,0.99,ترامب
