conf,end,start,word
0.691264,0.42,0.03,مُحامي
0.814896,0.72,0.424701,الرئيس
0.96129,1.13621,0.72,الأمريكي
