conf,end,start,word
0.965398,0.42,0.03,الجوي
0.963334,0.78,0.42,الروسي
0.981417,0.954175,0.78,على
0.269158,1.17,0.96,مدينة
