conf,end,start,word
0.773432,0.330266,0.0,أركان
0.972862,0.75,0.330266,الروسي
0.972862,0.75,0.330266,في
0.972862,0.75,0.330266,مكالمة
