conf,end,start,word
0.890457,0.419839,0.0,خارجية
0.996418,0.72,0.419839,الروسي
1.0,1.14,0.720107,سيرغي
