conf,end,start,word
1.0,0.75,0.128586,الدفاع
1.0,0.75,0.128586,الروسي
0.991563,1.17,0.75,سيرغي
