conf,end,start,word
0.575768,0.358724,0.0,الدولة
0.945841,0.755814,0.358724,السعودية
0.456462,1.076312,0.755814,للشؤون
