conf,end,start,word
0.437897,0.261782,0.03,تَقُودُهُ
0.99482,0.80986,0.261782,السعودية
0.998118,0.87,0.80986,في
0.998118,1.17,0.87,اليمن
