conf,end,start,word
0.617082,0.328924,0.0,الأنباء
0.998027,0.78,0.328924,السعودية
0.765721,0.99,0.78,أَنَّهُ
0.765721,0.99,0.78,تم
