conf,end,start,word
1.0,0.36,0.0,العاصمة
1.0,0.750278,0.36,السعودية
0.981407,1.13835,0.750278,الرياض
