conf,end,start,word
0.965265,0.299914,0.0,الإعلام
0.633964,0.824697,0.299914,السعودي
0.633964,0.824697,0.299914,أن
0.633964,0.824697,0.299914,القوة
