conf,end,start,word
0.690052,0.877591,0.045811,جهود
0.690052,0.877591,0.045811,السعودية
0.690052,0.877591,0.045811,لإنهاء
