conf,end,start,word
1.0,0.42,0.008516,حَول
1.0,0.42,0.008516,الله
0.7642,0.75,0.42,السلام
1.0,1.08,0.75,عليكم
