conf,end,start,word
0.919473,0.78,0.009266,خريطة
0.919473,0.78,0.009266,السلام
0.910369,0.99112,0.782556,التي
