conf,end,start,word
0.965101,0.356549,0.03,خُطَّة
0.990511,0.720097,0.356549,السلام
0.758474,1.093307,0.720097,الأميركي
