conf,end,start,word
0.996624,0.39,0.0,المعارضة
1.0,0.81,0.39,السورية
0.998078,0.93,0.81,من
0.987916,1.169772,0.93,جهة
