conf,end,start,word
0.983286,0.78,0.176538,وقامت
0.983286,0.78,0.176538,الشعبية
0.515596,1.14,0.78,هُجوماً
