conf,end,start,word
0.714335,0.33,0.03,لجان
0.689135,0.807872,0.36,الشعبية
0.689135,0.807872,0.36,تَصَدُّوا
