conf,end,start,word
0.906564,0.84,0.0,مقاومة
0.906564,0.84,0.0,الشعبية
0.846115,0.961401,0.84,مِن
0.250959,1.17,0.961401,دخول
