conf,end,start,word
1.0,0.81,0.061274,كما
1.0,0.81,0.061274,الشيخ
1.0,1.169705,0.84,تميم
