conf,end,start,word
0.574544,0.39,0.0,قطري
1.0,0.75,0.42,الشيخ
0.99006,1.133107,0.78,محمد
