conf,end,start,word
1.0,0.42,0.03,قطر
1.0,0.75,0.42,الشِيخ
1.0,1.107149,0.78,تميم
1.0,1.107149,0.78,بِن
