conf,end,start,word
1.0,0.42,0.03,ودعا
0.997264,0.75,0.42,الشَيخ
0.829833,1.072924,0.78,صُباح
