conf,end,start,word
1.0,0.75,0.36,الشَيخ
1.0,1.028906,0.78,تميم
0.852533,1.090607,1.028906,بِن
