conf,end,start,word
0.695762,0.287423,0.192871,في
1.0,0.84,0.287423,العاصمة
1.0,1.17,0.84,كابول
