conf,end,start,word
0.986067,0.299134,0.15,في
1.0,0.87,0.299134,العاصمة
1.0,1.14,0.87,طرابلس
