conf,end,start,word
0.798693,0.299715,0.0,أنَّ
1.0,0.84,0.299715,العاصمة
0.937232,1.09284,0.84,الليبية
