conf,end,start,word
1.0,0.419664,0.0,الإضراب
0.983821,0.690022,0.42,العام
0.997983,0.84,0.690022,في
0.961588,1.14,0.84,وسائل
