conf,end,start,word
1.0,0.45,0.0,المُدَّعي
0.938538,0.718167,0.45,العام
0.547885,1.14,0.808337,الألماني
