conf,end,start,word
0.977662,0.810113,0.003123,العراق
0.313435,1.134322,0.810113,أعلنت
