conf,end,start,word
0.784431,0.367606,0.180183,إلى
0.979736,0.78,0.367606,العراق
1.0,1.168083,0.78,وسوريا
