conf,end,start,word
0.994399,0.419874,0.3,في
1.0,0.78,0.419874,العراق
0.940422,1.14,0.81,قُتِلَ
