conf,end,start,word
0.963366,0.389566,0.24,في
1.0,0.78,0.389566,العراق
0.865034,1.109284,0.78,أيضا
