conf,end,start,word
0.997,0.389555,0.15,مع
1.0,0.78,0.389555,العراق
0.995857,1.17,0.78,وسوريا
