conf,end,start,word
0.998017,0.329765,0.06,مع
1.0,0.81,0.329765,العراق
1.0,1.17,0.81,وسوريا
