conf,end,start,word
0.860055,0.355028,0.15,إلى
1.0,0.81,0.355028,العراق
0.994044,1.14,0.84,حَيث
