conf,end,start,word
0.987147,0.328215,0.0,العاصمة
1.0,0.78,0.328215,العراقية
1.0,1.138827,0.78,بغداد
