conf,end,start,word
0.938298,0.329574,0.0,الدفاع
0.999804,0.84,0.329574,العراقية
0.968116,0.980407,0.84,في
0.299731,1.14,0.99,بيان
