conf,end,start,word
0.621276,0.270542,0.0,قُوَّات
1.0,0.84,0.270542,العراقية
0.652435,1.077722,0.84,عندما
