conf,end,start,word
1.0,0.868433,0.240557,حكومةُ
1.0,0.868433,0.240557,العراقيةُ
0.706458,1.17,0.87,يَدَها
