conf,end,start,word
0.992898,0.822538,0.015581,قُوَّات
0.992898,0.822538,0.015581,العراقية
0.992898,0.822538,0.015581,استعانت
