conf,end,start,word
1.0,0.892965,0.020691,قُوَّات
1.0,0.892965,0.020691,العراقية
0.436332,1.17,0.90033,إنها
