conf,end,start,word
0.531044,0.360156,0.15,أن
0.998619,0.750303,0.36812,القوات
0.903225,1.127514,0.750303,التي
