conf,end,start,word
0.259687,0.357808,0.03,إعادة
1.0,0.81,0.357808,القوات
0.990881,1.107243,0.81,العراقية
