conf,end,start,word
1.0,0.33,0.03,ضد
1.0,0.781044,0.33,القوات
0.913467,1.113535,0.781044,التُّرْكِيَّةُ
