conf,end,start,word
0.574143,0.351568,0.03,ولاية
0.564275,0.78,0.351568,القوات
0.795359,1.082254,0.78003,الدولية
