conf,end,start,word
0.935433,0.388621,0.03,لواء
0.988622,0.78,0.388621,القوات
0.994588,1.13943,0.78,الخاصة
