conf,end,start,word
1.0,0.39,0.0,أفراد
1.0,0.780386,0.39,القوات
0.548587,1.083998,0.780386,الأمنية
