conf,end,start,word
0.771397,0.420514,0.03,عسكر
0.963532,0.81,0.420514,القوات
1.0,1.14,0.81,الخاصة
