conf,end,start,word
0.989615,0.48,0.034614,في
0.989615,0.48,0.034614,أمان
0.989615,0.63,0.48,الله
