conf,end,start,word
0.975002,0.33,0.03,علي
0.975002,0.33,0.03,عبدالله
1.0,1.11,0.63,صالح
