conf,end,start,word
0.546448,0.215396,0.03,في
0.689385,0.478943,0.215396,أمان
0.712677,0.75,0.478943,الله
