conf,end,start,word
1.0,0.24,0.03,حَسَن
1.0,0.48,0.24,نصرالله
0.938585,0.842532,0.69,قد
0.50329,1.14,0.842532,رَفَض
