conf,end,start,word
0.997265,0.45,0.03,وَرحمَةُالله
1.0,1.045696,0.69,وأهلا
0.95287,1.164771,1.047302,بكم
