conf,end,start,word
0.988995,0.87,0.001312,قال
0.988995,0.87,0.001312,المُتَحَدِّث
0.989627,1.14,0.870178,بِسم
