conf,end,start,word
0.930125,0.360523,0.03,وزراء
0.977122,0.78,0.360523,المجلس
0.979959,1.17,0.78,الوزاري
