conf,end,start,word
1.0,0.78,0.002686,دعا
1.0,0.78,0.002686,المجلس
1.0,1.108028,0.78,الأعلى
