conf,end,start,word
0.996384,0.33,0.03,رئيس
0.981125,0.780189,0.33,المجلس
0.974875,1.14,0.780189,الرئاسي
