conf,end,start,word
0.714291,0.33,0.03,رئيس
1.0,0.780408,0.33,المجلس
0.968066,1.162873,0.780408,الرئاسي
