conf,end,start,word
0.73069,0.35258,0.03,وصف
1.0,0.81,0.35258,المجلس
1.0,1.109142,0.81,الأعلى
