conf,end,start,word
0.996197,0.39,0.03,رئيس
0.996197,0.78,0.39,المجلس
1.0,1.139735,0.78,الوطني
