conf,end,start,word
0.70307,0.329764,0.0,إنَّ
1.0,0.812667,0.329764,المعارضة
0.60993,1.04607,0.812667,غَيْرُ
