conf,end,start,word
0.996564,0.329596,0.03,وفد
1.0,0.87,0.329596,المعارضة
0.978408,1.167505,0.87,السورية
