conf,end,start,word
1.0,0.87,0.001968,قوات
1.0,0.87,0.001968,المعارضة
0.570824,1.14,0.87,مدعومه
