conf,end,start,word
0.824368,0.284068,0.03,قوات
1.0,0.84,0.284068,المعارضة
0.989675,1.139884,0.84,المُسَلَّحَه
