conf,end,start,word
0.993841,0.359685,0.03,وفد
1.0,0.81,0.359685,المعارضة
0.990271,1.095536,0.81,السورية
