conf,end,start,word
0.812141,0.329879,0.03,عمل
1.0,0.84,0.329879,المقاومة
1.0,1.168916,0.84,الشعبية
