conf,end,start,word
0.990001,0.360089,0.0,إنتهى
1.0,0.84,0.050296,الموجَز
0.824779,1.027251,0.895581,إلى
0.95577,1.14,0.96,اللقاء

