conf,end,start,word
0.557239,0.239862,0.03,هذا
1.0,0.84,0.050296,الموجَز
0.812441,1.17,0.87,ضِمنَ
