conf,end,start,word
0.820878,0.312506,0.03053,قوات
1.0,0.81,0.312506,النِظام
0.831419,1.11,0.81,كانت
