conf,end,start,word
0.994742,0.39,0.0,أفراد
0.98496,0.75,0.39016,النِظام
1.0,1.163656,0.75,السوري
