conf,end,start,word
0.968344,0.36,0.03,قُوات
1.0,0.78,0.36,النِظام
0.994719,1.165905,0.78,السوري
