conf,end,start,word
0.435339,0.343447,0.265006,نَفذها
0.989877,0.75,0.343447,النِظام
0.995025,1.165986,0.75,السوري
