conf,end,start,word
1.0,0.33,0.03,رَئيس
1.0,0.78117,0.33,الوِزراء
0.953221,1.148031,0.78117,التُركي
