conf,end,start,word
0.76083,0.329862,0.03,لِمَجلس
1.0,0.75,0.329862,الوِزراء
0.88588,1.138074,0.75,السُوداني
