conf,end,start,word
1.0,0.36,0.0,الوِفاق
1.0,0.81,0.36,الوَطَني
0.994643,0.96,0.81,في
0.992697,1.168013,0.96,لِيبيا
