conf,end,start,word
0.906698,0.322522,0.0,جَيش
1.0,0.839978,0.322522,الوَطَني
0.067483,1.085789,0.84,بَلغت
