conf,end,start,word
0.672587,0.32408,0.0,وِفاق
0.973881,0.81,0.32408,الوَطَني
0.930024,1.081095,0.81,الليبي
