conf,end,start,word
0.932431,0.33,0.0,وَفاق
0.955107,0.84,0.33,الوَطني
0.934305,1.168081,0.84,الليبي
