conf,end,start,word
0.986434,0.357777,0.03,دَعت
1.0,0.75,0.357777,الوِلايات
1.0,1.132808,0.75,المُتحِدة
