conf,end,start,word
0.99683,0.33,0.03,بَعض
0.997194,0.87,0.33,الوِلايات
0.37863,1.139527,0.87,التي
