conf,end,start,word
0.925666,0.45045,0.03,عِلاقات
0.86236,0.75,0.45045,الوِلايات
1.0,1.081485,0.75,المُتحِدة
