conf,end,start,word
0.812699,0.33,0.03,جَنوب
1.0,0.811096,0.33,اليمن
0.941634,0.997486,0.811096,مِن
,,,أن
