conf,end,start,word
0.681284,0.39,0.03,جَنوبي
0.842367,0.75,0.39554,اليَمن
