conf,end,start,word
0.981706,0.388242,0.27,في
1.0,0.75,0.388242,اليَمن
0.801666,1.067984,0.75,أعلنتُ
