conf,end,start,word
0.95359,0.414165,0.27,في
1.0,0.750885,0.414165,اليَمن
0.304264,1.17,0.750885,إقتَحَمَ
