conf,end,start,word
0.978487,0.36,0.036464,جَنوب
1.0,0.78,0.360301,اليَمن
