conf,end,start,word
0.973888,0.329978,0.0,الشَعبية
1.0,0.81,0.329978,اليَمنية
0.973165,1.169386,0.81,إن
,,,ما