conf,end,start,word
0.422995,0.358339,0.03,مُشاورات
0.98914,0.779918,0.358339,اليَمَنية
1.0,1.11,0.779918,اليَوم
