conf,end,start,word
0.974556,0.39,0.0,أُخلي
0.545627,0.78,0.390717,اليَوم
