conf,end,start,word
0.476095,0.39,0.03,مِبرمَ
0.942776,0.662017,0.399841,اليَوم
0.915838,0.87,0.662017,بين
0.796984,1.133509,0.87,مِصرَ
