conf,end,start,word
1.0,0.45,0.0,أنقر
1.0,0.720065,0.45,اليَوم
0.99393,0.87,0.720065,معَ
0.695174,1.158983,0.87,الرئيسُ
