conf,end,start,word
0.422847,0.48,0.0,الإشتِباه
0.985763,0.72,0.480701,بِأن
1.0,1.139638,0.72024,تُركيا
