conf,end,start,word
0.887241,0.42,0.03,أفادَ
0.999439,0.690129,0.42,بِأن
0.94157,1.132343,0.690129,الدِفاعات
