conf,end,start,word
0.409721,0.42,0.03,إنتاج
0.822898,0.69,0.420028,بِأن
0.758415,1.08,0.690055,دَولةً
