conf,end,start,word
0.924303,0.42,0.0,الجَزيرة
0.898067,0.719709,0.42,بِأن
0.475324,1.17,0.719857,مِيلشيات
