conf,end,start,word
0.637945,0.42,0.0,عَسكري
1.0,0.69,0.42,بِاسم
0.999067,1.135299,0.69,جَماعة
