conf,end,start,word
0.339277,0.45,0.0,مُتَحدِثُ
1.0,0.69,0.451382,بِاسم
0.982749,1.167291,0.69,التَحالف
