conf,end,start,word
0.768891,0.45,0.0,النَاطِقُ
1.0,0.691531,0.45,بِاسم
0.729615,1.057519,0.694582,الرِئاسَةٍ
