conf,end,start,word
0.714116,0.42,0.0,مُتحدِثُ
0.799325,0.72,0.420912,بِاسم
0.688875,1.128176,0.75,قِيادة
