conf,end,start,word
0.768891,0.45,0.0,نَاطِقُ
1.0,0.691531,0.45,بِاسم
0.962487,1.167452,0.720408,الرِئَاسة
