conf,end,start,word
0.976506,0.419606,0.0,مُتحِدة
1.0,0.75,0.419606,بِشأن
1.0,1.103964,0.75,سُوريا
