conf,end,start,word
0.642328,0.39,0.03,مُشتركه
1.0,0.75,0.390016,بِشأن
0.874887,1.138933,0.75,الاتفاق
