conf,end,start,word
0.416251,0.36,0.0,تَحذيراً
0.979877,0.751234,0.36,بِشأن
0.731849,1.17,0.751234,الإعصار
