conf,end,start,word
0.796138,0.39,0.03,يَنفذ
0.996826,0.72,0.39,بِشأن
0.963279,1.139711,0.72,الاتِفاق
