conf,end,start,word
,,,أوروبيه
0.947126,0.720387,0.360934,بِشأن
0.511213,1.139646,0.720387,اجتِماعٍ
