conf,end,start,word
0.618164,0.75,0.39,بِشأن
0.431587,1.085544,0.75047,أسباب
