conf,end,start,word
0.957148,0.36,0.0,اتِفاقِ
0.998849,0.78,0.361239,بِشأن
0.946229,1.169295,0.78,كافة
