conf,end,start,word
0.755942,0.33,0.03,ذلك
1.0,0.78,0.353638,بَعد
0.81178,1.17,0.84,وَقف
