conf,end,start,word
0.953682,0.45,0.03,بِجروح
1.0,0.72,0.45,بَعد
0.90836,1.09578,0.72,اقتِحام
