conf,end,start,word
0.898487,0.42,0.030118,تَراجع
0.991961,0.66,0.420283,بَعد
0.851452,1.16871,0.660105,الاشتِباكِ
