conf,end,start,word
0.624591,0.48,0.03,لِتَعليق
0.921054,0.68724,0.48,بَعد
0.672925,1.11,0.69,اعتِذار
