conf,end,start,word
0.852536,0.42,0.03,لِسوريا
1.0,0.69,0.42,بَعد
0.793815,1.040842,0.69,هَزيمة
