conf,end,start,word
0.932089,0.48,0.0,الإعلان
0.989989,0.72,0.48,بَعد
1.0,0.96,0.72,يَوم
1.0,1.16977,0.96,وَاحد
