conf,end,start,word
0.631537,0.42,0.03,تَوجهِ
0.97261,0.749975,0.420002,بَعد
0.276991,1.108813,0.78,فَجر
