conf,end,start,word
,,,في
1.0,0.48,0.09,رَأسه
0.978736,0.69,0.48,بَعد
0.976967,1.169635,0.69,إصابته
