conf,end,start,word
0.52607,0.72,0.42,بَعد
0.958848,1.11,0.733589,حَملةٍ
