conf,end,start,word
0.995298,0.42,0.0,أهلا
0.993489,0.655331,0.42,بِكم
1.0,1.168996,0.66,مُشاهِدين
