conf,end,start,word
0.998161,0.48,0.03,فَيصل
0.989229,0.689271,0.48,بِن
0.488955,1.11,0.68966,فَرحان
