conf,end,start,word
1.0,0.33,0.03,عَلى
1.0,0.809636,0.33,تَنظيم
0.686619,1.106398,0.809636,الدَولةِ
