conf,end,start,word
1.0,0.39,0.0,أَعلن
1.0,0.750128,0.39,تَنظيم
0.995945,1.147474,0.750128,القَاعدة
