conf,end,start,word
1.0,0.39,0.18,مِن
1.0,0.780133,0.39,تَنظيم
0.990047,1.095165,0.780133,الدَولة
