conf,end,start,word
0.629217,0.33,0.0,أيدي
1.0,0.84,0.33,تَنظيم
0.986487,1.099821,0.84,الدَولة
