conf,end,start,word
0.408124,0.356363,0.03,عَليها
1.0,0.810011,0.356363,تَنظيم
0.999091,1.09788,0.810011,الدَولة
