conf,end,start,word
0.831367,0.389884,0.12,وأن
0.985332,0.75,0.39,تَنظيم
1.0,1.100479,0.75,الدَولة
