conf,end,start,word
0.996131,0.42,0.03,عَدن
0.957578,0.75,0.42,جَنوب
1.0,1.14,0.752545,اليَمن
