conf,end,start,word
1.0,0.42,0.03,في
1.0,0.75,0.42,جَنوب
0.979795,1.04984,0.78,شَرق
