conf,end,start,word
0.969062,0.449813,0.03,فُندقا
0.966825,0.72,0.449813,جَنوب
1.0,1.16579,0.720995,العَاصمة
