conf,end,start,word
1.0,0.36,0.21,مِن
1.0,0.78,0.36,جِهته
0.846294,1.061045,0.780065,أَكَد
