conf,end,start,word
0.983164,0.39,0.091626,رِيف
1.0,0.72,0.42,حَلب
0.998835,1.14,0.72,الغَربي
