conf,end,start,word
0.97999,0.209723,0.03,في
1.0,0.42,0.209723,رِيف
1.0,0.72,0.45,حَلب
1.0,1.17,0.72,الشَمالي
