conf,end,start,word
0.798886,0.419926,0.03,رَئيسي
1.0,0.75,0.419926,دُونالد
0.88063,1.08,0.75,تِرامب
