conf,end,start,word
0.514253,0.284079,0.03,أعلنَ
1.0,0.42,0.284079,أن
0.967369,0.690842,0.42,رَئِيس
0.921682,1.08708,0.690842,الحُكومة
