conf,end,start,word
0.332269,0.419909,0.03,يِواصل
0.980378,0.691858,0.428436,رَئيس
0.876392,1.062072,0.691858,الحُكومة
