conf,end,start,word
0.854603,0.42,0.15,قَال
1.0,0.7201,0.424307,رَئِيس
0.994477,1.17,0.7201,المَجلس
