conf,end,start,word
,,,اختِفاء
1.0,0.720502,0.39249,رَئيس
0.956956,1.160729,0.720502,المُنظمة
