conf,end,start,word
,,,قَرَر
0.967369,0.690842,0.42,رَئِيسُ
0.921682,1.08708,0.690842,الحُكومة
