conf,end,start,word
0.931509,0.36,0.03,مَنصبَ
0.967369,0.690842,0.42,رَئِيس
0.921682,1.08708,0.690842,الحُكومة
