conf,end,start,word
0.973583,0.42,0.0,وقَال
1.0,0.75,0.36,رَئِيسُ
0.945538,0.84,0.690494,ما
0.977392,1.076539,0.84,يُعرفُ
