conf,end,start,word
0.917681,0.33,0.03,عشرون
1.0,0.78,0.33,شخصا
0.974418,1.14,0.84,بينهم
