conf,end,start,word
0.912254,0.33,0.03,عشر
1.0,0.779727,0.36,شخصا
0.953351,1.075615,0.78,بينهم
