conf,end,start,word
0.648196,0.33,0.03,عشر
1.0,0.81,0.36,شخصا
0.991931,1.156765,0.81,بينهم
