conf,end,start,word
0.337122,0.36,0.043954,ثلاثون
1.0,0.78,0.385518,شخصا
1.0,0.93,0.78,على
1.0,1.168586,0.93,الأقل
