conf,end,start,word
0.6441,0.330032,0.03,خمسين
0.998268,0.81,0.351655,شخصا
0.705338,1.139497,0.81,وإصابة
