conf,end,start,word
0.841204,0.33,0.03,عشر
1.0,0.75,0.36,شخصا
1.0,0.96,0.75,على
0.996398,1.139763,0.96,الأقل
