conf,end,start,word
0.470879,0.3,0.03,عشرين
1.0,0.81,0.326544,شخصا
0.985886,1.168506,0.87,بينهم
