conf,end,start,word
0.914818,0.33,0.03,عشر
1.0,0.750048,0.36,شخصا
0.988384,1.132291,0.750048,معظمهم
