conf,end,start,word
0.670961,0.36,0.03,خمسين
1.0,0.78,0.394222,شخصا
1.0,0.990122,0.78,على
0.925188,1.17,0.990122,الأقل
