conf,end,start,word
0.844681,0.33,0.03,عشرين
1.0,0.75,0.36,شخصا
0.99665,1.16915,0.75,معظمهم
