conf,end,start,word
,,,اربعين
0.844885,0.827868,0.336995,شخصا
0.432057,1.086887,0.84,يوم
,,,امس
