conf,end,start,word
0.925469,0.33,0.03,عشر
1.0,0.78,0.36,شخصا
0.921173,1.154741,0.78,إضافة
