conf,end,start,word
0.901941,0.33,0.03,خمسين
1.0,0.78,0.39,شخصا
0.986912,0.9,0.78,في
0.976426,1.168927,0.9,سوريا
