conf,end,start,word
0.787816,0.36,0.03,عشرون
0.925053,0.750179,0.385549,شخصا
0.902456,1.072605,0.750179,منهم
,,,اربعة