conf,end,start,word
0.370284,0.36,0.03,وعشرين
1.0,0.78,0.39,شخصا
0.996091,1.139647,0.78,بينهم
