conf,end,start,word
0.375897,0.33,0.03,خمسين
1.0,0.78,0.364674,شخصا
0.883524,1.169819,0.78,وإصابة
