conf,end,start,word
0.918276,0.353461,0.03,سبعين
0.985667,0.81,0.36,شخصا
0.981753,1.17,0.84,قتلوا
