conf,end,start,word
,,,قَتَلَت
0.853238,0.78241,0.349541,شَخصاً 
0.330421,1.16728,0.78241,قُرْبَ
