conf,end,start,word
0.476718,0.39,0.0,أية
0.998411,0.779562,0.39,شَمالُ
0.837617,1.166331,0.78,شَرْقِيُّ
