conf,end,start,word
0.6435,0.81,0.36,شمال
0.492513,1.107655,0.840414,غربي
