conf,end,start,word
0.745199,0.39,0.0,الحسكة
1.0,0.72,0.42,شمال
0.655172,0.985017,0.75,شرق
0.616422,1.14,0.99,سوريا
