conf,end,start,word
0.870454,0.42,0.03,خالص
0.993169,0.749093,0.449091,شمال
0.541296,1.163824,0.75,محافظة
