conf,end,start,word
0.874317,0.42,0.0,الجوي
0.911596,0.779123,0.42,شمال
0.957911,1.14,0.78,تعز
