conf,end,start,word
1.0,0.36,0.03,إدلب
1.0,0.72,0.39,شمال
0.942507,0.979741,0.75,غرب
0.655358,1.14,0.99,سوريا
