conf,end,start,word
0.851177,0.360488,0.03,بحلف
0.980894,0.69,0.39,شمال
1.0,1.107712,0.69,الأطلسي
