conf,end,start,word
0.875261,0.84,0.36,شمال
0.757451,1.17,0.869361,غربي
