conf,end,start,word
0.973629,0.378125,0.03,في
0.458754,0.7803,0.39,شمالي
0.466504,0.930192,0.7803,الضفة
