conf,end,start,word
,,,عريش
0.843917,0.410491,0.293695,في
1.0,0.75,0.410491,شمال
1.0,1.11,0.75,سيناء
