conf,end,start,word
0.933175,0.42,0.03,دولة
1.0,0.75,0.42,شمال
0.745509,1.017564,0.78,غربي
