conf,end,start,word
0.696341,0.39,0.03,قوات
1.0,0.75,0.42,صالح
0.992717,0.902894,0.75,على
0.231908,1.136691,0.902894,اسوار
