conf,end,start,word
1.0,0.27,0.03,عبد
0.883524,0.42,0.27,الله
1.0,0.72,0.42,صالح
0.87631,0.900218,0.75,قد
0.356508,1.126704,0.900218,دعا
