conf,end,start,word
,,,قوات
0.967098,0.78,0.03,صالح
0.958163,0.929912,0.78,في
0.832874,1.17,0.929912,جبهة
