conf,end,start,word
0.675167,0.39,0.03,وقوات
1.0,0.72,0.42,صالح
0.997967,0.84,0.72,في
0.972858,1.16745,0.84,مأرب
