conf,end,start,word
0.902233,0.39,0.03,رئاسة
1.0,0.69,0.390052,صالح
1.0,1.126263,0.69,العاروري
