conf,end,start,word
0.952334,0.42,0.228584,عبدالله
1.0,0.78,0.42,صالح
0.99559,1.019743,0.81,من
0.972126,1.14,1.02,جهة
