conf,end,start,word
0.485777,0.36,0.03,قصف
0.945074,0.78,0.39,طائرات
0.9887,1.14,0.78,التحالف
