conf,end,start,word
0.961105,0.36,0.03,سنته
1.0,0.750074,0.39,طائرات
0.995444,1.17,0.750074,النظام
