conf,end,start,word
0.896778,0.329599,0.03,قصف
0.991941,0.81,0.358687,طائرات
0.881009,1.17,0.87,روسية
