conf,end,start,word
0.354152,0.36,0.03,إلقاء
1.0,0.810013,0.383615,طائرات
0.999012,1.14,0.810013,النظام
