conf,end,start,word
0.800652,0.24,0.0,أن
0.999769,0.951643,0.245441,طائرات
0.249853,1.17,0.99,روسية
