conf,end,start,word
0.355259,0.36,0.0,تدافي
0.999876,0.780104,0.374329,طائرات
0.991683,1.078754,0.780104,النظام
