conf,end,start,word
0.975669,0.359789,0.18,من
0.985797,0.84,0.36,طائرات
0.782304,1.14,0.84,سورية
