conf,end,start,word
0.826023,0.3,0.03,كان
1.0,0.81,0.305219,طائرات
1.0,1.139728,0.84,حربية
