conf,end,start,word
0.575292,0.3,0.0,أن
1.0,0.87,0.300102,طائرات
0.739976,1.17,0.87,أميركية
