conf,end,start,word
0.400467,0.270019,0.0,شَنَّت
0.614549,0.779509,0.289353,طائِراتٌ
0.791503,1.142365,0.780431,عاصِفَةً
