conf,end,start,word
0.466982,0.27,0.0,أن
1.0,0.840005,0.276549,طائرات
0.954605,1.169691,0.840005,روسية
