conf,end,start,word
0.876825,0.3,0.03,من
0.998169,0.811733,0.326353,طائرات
0.663786,1.14,0.811733,روسية
