conf,end,start,word
0.687434,0.359183,0.0,أخذته
0.957439,0.78,0.388922,طائرات
1.0,1.17,0.81,أجنبية
