conf,end,start,word
1.0,0.39,0.03,نصف
0.991868,0.750072,0.39,عدد
0.870793,1.169618,0.750072,أصوات
