conf,end,start,word
0.879257,0.42,0.030905,تجمع
0.724774,0.72,0.42,عدد
0.999235,0.900179,0.736516,من
0.179222,1.17,0.900179,المحامين
