conf,end,start,word
1.0,0.45,0.09,تخطى
1.0,0.68939,0.45,عدد
0.974097,1.083394,0.69,الإصابات
