conf,end,start,word
0.932419,0.39,0.0,ارتفاع
0.970083,0.72,0.39,عدد
0.918307,1.17,0.72,الإصابات
