conf,end,start,word
,,,واصيب
0.436136,0.78,0.403212,عدد
0.690113,1.167945,0.9,آخر
