conf,end,start,word
0.961231,0.39,0.03,تزيد
0.791651,0.75,0.390285,عدد
0.43612,1.169097,0.78,قوات
