conf,end,start,word
0.397333,0.384531,0.0,نظم
0.998668,0.809158,0.384531,عدد
0.96808,1.041457,0.81,من
