conf,end,start,word
0.543804,0.412869,0.0,ارتفع
1.0,0.779638,0.412869,عدد
0.712591,1.136515,0.81,ضحايا
