conf,end,start,word
0.483914,0.359966,0.03,تدريب
0.963665,0.78,0.374963,عدد
0.921771,0.957784,0.78,من
0.130834,1.14,0.96,قيادات
