conf,end,start,word
0.844571,0.449835,0.0,ارتفع
1.0,0.72,0.449835,عدد
0.996548,1.17,0.72,المصابين
