conf,end,start,word
0.998675,0.419969,0.21,مع
1.0,0.75,0.419969,عدد
1.0,0.930002,0.75,من
0.197141,1.17,0.930002,المسؤلين
