conf,end,start,word
0.589221,0.42,0.03,مسألة
1.0,0.72,0.42,عدد
0.982432,1.169879,0.72,أعضائه
