conf,end,start,word
0.364507,0.45,0.03,تخفض
0.999954,0.72,0.454591,عدد
0.577124,1.051694,0.72,جنودها
