conf,end,start,word
0.643573,0.39,0.21,إن
1.0,0.75,0.39,عدد
0.947703,1.139819,0.75,قتلى
