conf,end,start,word
0.991644,0.419942,0.21,قال
0.670821,0.75,0.42,عدد
0.997792,0.93,0.759889,من
,,,اهالي
