conf,end,start,word
0.956311,0.42,0.03,مقتل
1.0,0.75,0.42,عدد
0.998189,0.931523,0.75,من
0.154634,1.17,0.931523,الحوثيين
