conf,end,start,word
0.724078,0.448572,0.0,ارتفاع
0.9872,0.750369,0.448572,عدد
0.934316,1.169608,0.750369,الإصابات
