conf,end,start,word
1.0,0.39,0.03,وجود
1.0,0.75,0.39,عدد
0.999647,0.931295,0.75,من
0.212215,1.17,0.931295,الجهات
