conf,end,start,word
0.952888,0.42,0.24,في
1.0,0.719947,0.42,عدد
0.985555,1.139465,0.720273,العاملين
