conf,end,start,word
0.993018,0.389716,0.0,ارتفع
1.0,0.72,0.389716,عدد
0.595613,1.169345,0.72,نواب
