conf,end,start,word
1.0,0.39,0.0,أصيب
0.989769,0.78,0.39,عدد
1.0,1.159634,0.81,آخر
