conf,end,start,word
0.994227,0.39,0.03,مقتل
1.0,0.72,0.39,عدد
1.0,0.899909,0.72,من
0.834039,1.163229,0.9,أفراد
