conf,end,start,word
0.436545,0.3,0.03,قواعد
0.99655,0.810249,0.314692,عسكرية
0.63356,1.111338,0.810249,داخل
