conf,end,start,word
0.400458,0.3,0.03,مصادر
0.991488,0.781119,0.315383,عسكرية
0.736332,1.14,0.781119,أذربيجان
