conf,end,start,word
0.573471,0.33,0.03,قيادات
0.998169,0.810468,0.336349,عسكرية
0.900885,0.9,0.810468,في
0.194303,1.17,0.9,محاولة
