conf,end,start,word
,,,قوات
0.99727,0.870506,0.24,عسكرية
0.704107,0.993447,0.870506,على
0.479816,1.14,0.993447,الحدود
