conf,end,start,word
,,,مصادر
0.544305,0.868067,0.270243,عسكرية
0.431704,1.17,0.87,يمنية
