conf,end,start,word
0.43168,0.35866,0.03,مصادر
0.553506,0.865094,0.36,عسكرية
0.307369,1.139386,0.87,عراقية
