conf,end,start,word
0.926304,0.269369,0.03,قوة
1.0,0.869065,0.269369,عسكرية
0.590054,1.17,0.87,مشتركة
