conf,end,start,word
0.962656,0.33,0.03,مصادر
1.0,0.78,0.330804,عسكرية
0.963581,1.169719,0.78,يمنية
