conf,end,start,word
0.753354,0.329878,0.03,مصادر
0.970544,0.78,0.332761,عسكرية
0.990981,1.096106,0.78,يمنية
