conf,end,start,word
0.896672,0.33,0.03,مصادر
1.0,0.81,0.359395,عسكرية
0.985622,1.14,0.81,يمنية
