conf,end,start,word
0.967442,0.329611,0.03,قاعدة
0.997151,0.81,0.329611,عسكرية
0.991597,0.93,0.81,في
0.975878,1.16455,0.93,ليبيا
