conf,end,start,word
0.959839,0.33,0.0,أهداف
0.994057,0.839878,0.33,عسكرية
0.65522,1.14,0.839878,حساسة
