conf,end,start,word
0.546682,0.3,0.03,قوات
0.953249,0.840386,0.312724,عسكرية
0.230531,1.14,0.840386,اقتحمت
