conf,end,start,word
0.864672,0.33,0.03,مصادر
0.996207,0.839293,0.331031,عسكرية
0.976518,0.961584,0.84,في
0.329742,1.17,0.961584,الجنوب
