conf,end,start,word
0.341032,0.448725,0.03,بوتين
0.966262,0.69,0.448725,عَلَى
0.74681,1.08671,0.69,مواصلة
