conf,end,start,word
0.609701,0.384831,0.0,العمل
1.0,0.78,0.384831,عَلَى
0.589114,1.17,0.87,نيل
