conf,end,start,word
0.784562,0.45,0.03,يؤثر
1.0,0.66,0.45,عَلَى
0.782504,1.050505,0.66,العلاقات
