conf,end,start,word
0.646266,0.450016,0.03,مرت
0.999659,0.72,0.460616,عَلَى
0.910489,1.14,0.72,لندن
