conf,end,start,word
0.282464,0.501546,0.03,مناورات
1.0,0.66,0.501546,عَلَى
1.0,0.979738,0.66,الحدود
0.220719,1.14,0.99,مع
