conf,end,start,word
0.889627,0.477754,0.03,بناءا
1.0,0.69,0.477754,عَلَى
0.921405,1.133116,0.69,الدعوة
