conf,end,start,word
0.989308,0.48,0.0,أشكركم
1.0,0.683569,0.48,عَلَى
0.550753,1.139401,0.69,متابعتي
