conf,end,start,word
0.769036,0.45,0.0,التركي
0.972886,0.69,0.455135,عَلَى
0.626809,1.021607,0.69,مزيد
0.516652,1.079092,1.021607,من
