conf,end,start,word
0.827183,0.45,0.0,أنها
1.0,0.72,0.479831,عَلَى
0.962854,1.100337,0.75,خلفية
