conf,end,start,word
1.0,0.45,0.0,الصين
0.999115,0.72,0.45,عَلَى
0.853142,1.107555,0.72,القمة
