conf,end,start,word
0.996657,0.479932,0.03,حفاظا
1.0,0.69,0.479932,عَلَى
1.0,1.17,0.69,منصبه
