conf,end,start,word
0.613899,0.509976,0.03,سيطرتها
1.0,0.66,0.509976,عَلَى
1.0,1.11,0.66,المعبر
