conf,end,start,word
0.65237,0.48,0.0,الكاملة
0.587209,0.685785,0.48,عَلَى
0.895982,1.104072,0.685785,المدينة
