conf,end,start,word
0.944988,0.48,0.03,نشطاء
1.0,0.66,0.48,عَلَى
0.993362,1.107312,0.69,خلفية
