conf,end,start,word
,,,ان
1.0,0.48,0.06,روسيا
1.0,0.63,0.48,عَلَى
0.992501,1.019578,0.63,اتصال
0.644854,1.169752,1.019876,دائم
