conf,end,start,word
0.920266,0.48,0.0,التوقيع
0.991667,0.637078,0.48,عَلَى
0.593864,1.072536,0.66,اتفاق
