conf,end,start,word
0.480457,0.42,0.03,غارات
1.0,0.69002,0.4201,عَلَى
0.815648,1.10345,0.69002,مناطق
