conf,end,start,word
0.719991,0.476663,0.067312,فلويد
1.0,0.63,0.476663,عَلَى
1.0,0.84,0.63,يد
0.846709,1.17,0.84,الشرطة
