conf,end,start,word
0.806142,0.42,0.0,الحوثي
1.0,0.72,0.42,عَلَى
0.949342,1.089209,0.72,المملكة
