conf,end,start,word
0.935837,0.45,0.03,سيطرت
1.0,0.689808,0.450145,عَلَى
0.993614,1.11,0.69,جبل
