conf,end,start,word
,,,قال
0.954057,0.75,0.39,عَلِي
0.634999,1.103713,0.75019,ربيعي
