conf,end,start,word
0.956181,0.45,0.12,وكان
1.0,0.66,0.45,عَلِي
1.0,0.87,0.66,عبد
0.841867,0.990076,0.87,الله
0.996428,1.17,0.990076,صالح
