conf,end,start,word
0.997043,0.45,0.03,شقيق
1.0,0.66,0.45,عَلِي
1.0,0.837722,0.66,عبدالله
0.992098,1.139655,0.960345,صالح
