conf,end,start,word
0.933306,0.39,0.12,قال
0.735067,0.75,0.39214,عَلِي
0.594467,1.155718,0.755346,أكبر
