conf,end,start,word
0.246645,0.298038,0.03,تركي
0.984264,0.45,0.298038,بن
1.0,0.690677,0.45,عَلِي
0.707497,1.11,0.690677,الدرم
