conf,end,start,word
0.840411,0.45,0.03,الملقب
0.979277,0.690079,0.450129,عَلِي
0.794577,1.14,0.690079,الكيالي
