conf,end,start,word
1.0,0.450526,0.12,هما
0.87617,0.718484,0.450526,عَلِي
0.993454,1.066211,0.718484,عليان
