conf,end,start,word
0.619331,0.42,0.0,الإيراني
0.937894,0.69,0.42,عَلِي
0.760742,1.10896,0.69,ربيعي
