conf,end,start,word
0.212814,0.447463,0.0,هما
1.0,0.75,0.447463,عَلِي
1.0,1.14,0.75,عليان
