conf,end,start,word
1.0,0.480012,0.0,الجزيرة
0.989481,0.629959,0.480012,عَنْ
0.701587,1.019518,0.629981,مصادر
