conf,end,start,word
0.988747,0.540054,0.0,أفرجت
0.693735,0.651176,0.540054,عَنْ
0.949081,0.989212,0.651176,أحمد
0.374809,1.14,0.99,عوض
