conf,end,start,word
0.958814,0.54,0.060345,جيبوتي
1.0,0.66,0.54,عَنْ
0.651174,1.138499,0.66,صدمتها
