conf,end,start,word
0.92273,0.51,0.0,الأَنْبَاء
0.999687,0.663145,0.51,عَنْ
0.562163,1.165521,0.663145,المتحدث
