conf,end,start,word
0.968435,0.48,0.03,جَزِيرَة
1.0,0.69,0.48,عَنْ
0.316607,1.109322,0.72,مصادر
