conf,end,start,word  
0.747986,0.510016,0.0,المُتَّحِدَةِ  
0.99898,0.660875,0.510216,عَنْ  
0.928775,1.1633,0.660875,أَسَفِهِ