conf,end,start,word  
0.998183,0.72,0.36,عَنْ  
0.993063,1.17,0.720055,أَنْشِطَة