conf,end,start,word  
0.996888,0.48,0.0,الحِوَارِ  
1.0,0.660036,0.48,عَنْ  
0.818422,1.169738,0.660036,الجَمَاعَة