conf,end,start,word  
1.0,0.480035,0.03,قَطَرِ  
0.989163,0.66,0.480035,عَنْ  
0.738502,1.17,0.66,آسِفِهَا