conf,end,start,word  
0.994658,0.48,0.03,رُويْتَرْز  
0.995418,0.63,0.48,عَنْ  
0.885907,1.11,0.63,ثَلاثَة