conf,end,start,word  
0.541596,0.51,0.0,أَوْرَدَتْهُ  
0.984461,0.685873,0.51,عَنْ  
0.792122,1.17,0.69035,اتِّصَال