conf,end,start,word  
0.765458,0.35959,0.18,فِي  
1.0,0.84,0.35959,غَارَاتٍ  
0.994731,1.169674,0.84,جَوِيَّة