conf,end,start,word  
0.993587,0.389321,0.03,غَدَاةَ  
0.539479,0.78,0.389321,غَارَاتٍ  
1.0,1.162394,0.793816,جَوِيَّة