conf,end,start,word  
0.609262,0.33,0.03,خَمْسَ  
0.952532,0.81,0.349383,غَارَاتٍ  
1.0,1.099211,0.81,جَوِيَّة