conf,end,start,word  
0.932262,0.36,0.03,فِي  
1.0,0.81,0.361341,غَارَاتٍ  
0.991599,1.17,0.81,رُوسِيَّة