conf,end,start,word  
0.952983,0.33,0.03,جَرَّاءَ  
0.62087,0.780495,0.330084,غَارَاتٍ  
0.566675,1.17,0.780495,رُوسِيَّة