conf,end,start,word  
1.0,0.390327,0.03,مَعَ  
0.989115,0.779831,0.42,غَارَاتٍ  
0.225074,1.167979,0.78,نَفَّذَ