conf,end,start,word  
0.997166,0.39,0.03,عِدَّةَ  
0.994025,0.78,0.39,غَارَاتٍ  
1.0,1.138372,0.780179,جَوِيَّة