conf,end,start,word
0.982907,0.448599,0.037236,لِيبْيَا
0.97382,0.657135,0.448599,فِي
0.460688,1.078639,0.66,تَغْرِيدَة