conf,end,start,word
0.600891,0.480312,0.03,مَحَلِّي
0.987434,0.659412,0.487439,فِي
0.965566,1.049727,0.66,مَدِينَةٍ