conf,end,start,word
0.915736,0.54,0.03,وَجَرْحَى
0.995262,0.629988,0.54,فِي
1.0,1.139675,0.629988,ٱلْجَانِبَيْنِ