conf,end,start,word
0.539166,0.450025,0.03,كَهْرَبَاء
0.998532,0.63,0.450025,فِي
1.0,1.11,0.63,مُنْشَأَة