conf,end,start,word
1.0,0.510015,0.03,قُتِلُوا
0.997477,0.63,0.510015,فِي
1.0,1.109777,0.63,ٱنْفِجَارٍ