conf,end,start,word
0.329198,0.48,0.0,ٱلْأَمْنِيّ
0.916217,0.659961,0.487204,فِي
0.913589,1.109371,0.659961,ٱلْعِرَاقِ