conf,end,start,word
0.944154,0.54,0.0,ٱلْأَقَلّ
0.953882,0.659869,0.54,فِي
0.704274,1.108898,0.659869,ٱلْإِنْفِجَارِ