conf,end,start,word
0.975183,0.69,0.42,قَالَتْ
0.981278,1.079745,0.690111,وَكَالَةٌ