conf,end,start,word
0.939649,0.75,0.36,قَالَتْ
0.935282,1.160995,0.779918,صَحِيفَة