conf,end,start,word
,,,كَمَا
0.997499,0.74992,0.40537,قُتِلَ
0.98859,1.086605,0.752621,جُنْدِيٌّ