conf,end,start,word
0.49507,0.39,0.03,تُهْمَةٌ
0.978438,0.787161,0.39,قُتِلَ
0.50659,1.139492,0.787161,اِمْرَأَةٌ