conf,end,start,word
0.981824,0.36,0.12,كَمَا
0.931619,0.78,0.360585,قُتِلَ
0.638548,1.071954,0.81,ثَلاثَة