conf,end,start,word
1.0,0.841328,0.27,قَتَلُوا
0.120597,1.168695,0.841328,وَجُرِحُوا