conf,end,start,word
0.756196,0.329688,0.06,أشْخَاصًا
0.999071,0.780087,0.390145,قَتَلُوا
0.753314,1.168972,0.780087,وَجُرِحُوا