conf,end,start,word
1.0,0.84,0.3,قَتَلُوا
0.992817,0.990447,0.84,فِي
0.677612,1.17,0.990447,غَارَة