conf,end,start,word
0.431747,0.3,0.03,إِمَّا
1.0,0.81,0.300089,قَتَلُوا
0.962203,0.992693,0.81,أَوْ
0.598719,1.17,0.992693,أُصِيبُوا