conf,end,start,word
0.135382,0.379256,0.06,أَشْخَاص
1.0,0.75,0.42,قُتِلُوا
0.875603,1.139873,0.75,وَأُصِيب