conf,end,start,word
0.78905,0.33,0.0,أشْخاص
0.994661,0.779858,0.420273,قُتِلُوا
0.955892,1.169108,0.779858,وَجُرِح