conf,end,start,word
0.998998,0.39,0.03,شَخْصًا
0.968239,0.784424,0.42,قُتِلُوا
0.394984,1.139455,0.784424,وَجُرِح