conf,end,start,word
0.859652,0.36,0.0,أشْخاص
1.0,0.786889,0.39,قُتِلُوا
0.286472,1.14,0.786889,وَجُرِح