conf,end,start,word
1.0,0.81,0.36,قُتِلُوا
0.99734,0.962122,0.81,فِي
0.492887,1.139562,0.962122,غَارَات