conf,end,start,word
0.956316,0.39,0.0,وَأَطْفَالٍ
1.0,0.751885,0.42,قُتِلُوا
0.599376,1.037088,0.751885,بِغَارَةٍ