conf,end,start,word
0.745226,0.3,0.0,جَزِيرَة
0.982212,0.420009,0.3,فِي
0.999323,0.720314,0.420469,قَطَر
0.974871,0.93,0.720314,أَهْلًا
0.477586,1.166382,0.93,بِكُمْ
