conf,end,start,word
1.0,0.42,0.0,أَمِيرُ
1.0,0.78,0.42,قَطرْ
0.970692,0.929894,0.78,أَنَّ
0.290296,1.169636,0.929894,الدَّوْحَةَ