conf,end,start,word
,,,أَنْبَاء
0.671688,0.42,0.27,مِنْ
0.995496,0.69,0.428099,قَنَاةِ
0.998318,1.109739,0.69,الجَزِيرَةِ