conf,end,start,word
1.0,0.36,0.03,ضِدَّ
0.999642,0.751912,0.36,قَنَاةِ
0.661068,1.139191,0.751912,العَرَبِ