conf,end,start,word
0.993291,0.41992,0.18,بَيْنَ
1.0,0.780387,0.41992,قُوَّاتٍ
0.966562,1.139247,0.780387,المُعَارَضَةِ