conf,end,start,word
0.555649,0.42,0.03,كَانَتْ
0.948254,0.72,0.420025,قُوَّاتٌ
0.98146,1.101116,0.721015,الِاحْتِلَالِ