conf,end,start,word
0.981097,0.329935,0.03,بِهَا
1.0,0.80984,0.329935,قُوَّاتٍ
0.994675,1.135525,0.81,تَابِعَة