conf,end,start,word
0.985252,0.3,0.03,مصادرُ
0.986853,0.84,0.3,للجزيرة
0.342246,1.17,0.84,بسقوط
