conf,end,start,word
0.997603,0.36,0.03,مصادرُ
1.0,0.81,0.36,للجزيرة
0.85312,0.900475,0.81,أن
0.204521,1.15456,0.900475,الخطوط
