conf,end,start,word
1.0,0.33,0.03,مصادر
1.0,0.810179,0.33,للجزيرة
0.968675,0.989172,0.810179,أن
0.03886,1.17,0.99,نحو
