conf,end,start,word
0.541738,0.329877,0.03,مصادر
0.617644,0.78,0.329877,للجزيرة
0.718112,1.14,0.78,بإرتفاع
