conf,end,start,word
0.966703,0.33,0.03,مصادر
1.0,0.840345,0.33,للجزيرة
0.944266,0.990279,0.840345,من
0.458022,1.17,0.990279,داخل
