conf,end,start,word
0.522504,0.329911,0.03,مصادر
0.9854,0.84,0.329911,للجزيرة
0.445471,1.109764,0.84,بوقوع
