conf,end,start,word
0.945826,0.33,0.03,مصادرُ
1.0,0.810004,0.331625,للجزيرة
0.882889,0.930066,0.810004,أن
0.386506,1.17,0.930066,قوات
