conf,end,start,word
,,,في
0.589205,0.445568,0.03,حالِ
1.0,0.63,0.445568,لم
1.0,0.93,0.63,يَعُد
0.748902,1.17,0.93,الرئيس
