conf,end,start,word
0.417943,0.42,0.0,اجتماعٍ
1.0,0.66,0.426228,لم
0.990112,1.07042,0.66,يُعلن
0.472118,1.169754,1.08,عنه
