conf,end,start,word
0.856665,0.45,0.0,اجتماعٍ
1.0,0.66,0.452041,لم
0.902054,0.992041,0.66,يُعلن
0.500076,1.080862,0.992041,عنه
,,,مُنذ
