conf,end,start,word
0.996262,0.48,0.18,إذا
1.0,0.689874,0.48,لم
0.663431,1.14,0.69,تتوَصَل
