conf,end,start,word
0.995255,0.63,0.18,ولم
0.920085,1.17,0.63,يُحدد
