conf,end,start,word
1.0,0.48,0.09,بينما
0.991118,0.659962,0.48,لم
0.855497,1.11,0.66,تُعَلِق
