conf,end,start,word
0.989473,0.39,0.0,أنتَ
0.976638,0.69,0.42,لم
0.329809,1.139733,0.690191,تَستَمِع
