conf,end,start,word
1.0,0.42,0.09,إذا
1.0,0.687052,0.42,لم
0.813546,1.139484,0.69,يَتَوفر
