conf,end,start,word
0.685517,0.33,0.0,أنه
1.0,0.72,0.36,لم
1.0,0.960048,0.72,يَعُد
0.688195,1.156153,0.960048,هُناك
