conf,end,start,word
,,,في
0.320711,0.46988,0.03,حالِ
0.994249,0.72,0.46988,لم
0.810098,1.17,0.72,يُقدموا
