conf,end,start,word
1.0,0.48,0.18,إذا
1.0,0.660051,0.48,لم
0.989044,1.139701,0.660051,يَتَوفر
