conf,end,start,word
0.992264,0.48,0.03,لكنها
0.998456,0.66,0.48,لم
0.741186,1.139198,0.66,تَتَوصل
