conf,end,start,word
0.952116,0.48,0.03,ضحايا
0.996615,0.72,0.48,لم
0.958657,1.050445,0.72,يُعرف
,,,بعد