conf,end,start,word
0.669123,0.389912,0.03,واقعة
1.0,0.72,0.389912,لم
0.992423,1.14,0.72,يُعلن
