conf,end,start,word
0.995876,0.45,0.0,الهجومَ
0.993901,0.69,0.45,لم
0.997418,1.05002,0.69,يُسفِر
0.912377,1.13985,1.05002,عن
