conf,end,start,word
0.948171,0.389515,0.27,في
0.981961,0.75,0.389515,ليبيا
0.509169,1.13807,0.78,أعلنت
