conf,end,start,word
1.0,0.42,0.15,في
1.0,0.689896,0.42,ليبيا
0.925133,0.98989,0.690113,أفاد
0.746757,1.17,0.99,مصدر
