conf,end,start,word
0.678956,0.416141,0.03,تساعدُ
0.99638,0.75,0.416141,ليبيا
0.983982,0.869811,0.75,في
0.679716,1.17,0.869811,القضاء
