conf,end,start,word
0.499138,0.3,0.0,النزاع
0.998068,0.45,0.3,في
0.999825,0.719968,0.45,ليبيا
0.984341,0.84,0.72,ما
0.87389,1.165949,0.84,تزالُ
