conf,end,start,word
0.563234,0.27,0.0,إن
1.0,0.81,0.3,ليبيا
0.986822,1.17,0.81,باتت
