conf,end,start,word
0.875929,0.39,0.24,في
0.996415,0.72,0.393628,ليبيا
1.0,1.14,0.72,أكدت
