conf,end,start,word
0.746336,0.3,0.0,الجزيرة
1.0,0.45,0.3,في
1.0,0.72,0.45,ليبيا
0.984494,0.86995,0.72,أن
0.972853,1.17,0.86995,الطيران
