conf,end,start,word
0.924974,0.389783,0.03,بدعم
1.0,0.75,0.3902,ليبيا
0.954128,1.17,0.75,عسكرياً
