conf,end,start,word
0.996874,0.42,0.24,في
0.993018,0.689973,0.42,ليبيا
0.632554,0.990868,0.72,قُتِلَ
,,,تِسعة
