conf,end,start,word
0.378247,0.3,0.03,قناةُ
0.997692,0.72,0.419515,ليبيا
0.998366,1.169744,0.72002,بانوراما
