conf,end,start,word
0.897506,0.48,0.0,بإحتجازِ
1.0,0.63,0.481355,ما
1.0,0.75,0.63,لا
1.0,1.075065,0.75,يقلُ
0.997139,1.137766,1.075065,عن