conf,end,start,word
0.991452,0.51,0.06,بحسبِ
1.0,0.660389,0.51,ما
0.987788,1.019845,0.660389,أفادت
0.933308,1.17,1.02,به
