conf,end,start,word
0.998458,0.48,0.24,على
1.0,0.63,0.48,ما
1.0,0.997027,0.63,تبقى
0.510737,1.050154,0.997027,من
