conf,end,start,word
0.512181,0.500108,0.03,تشكيلَ
0.805254,0.66,0.500108,ما
0.637081,1.169243,0.66,أسمَوهُ
