conf,end,start,word
0.499961,0.48,0.03,خلفيةِ
0.883809,0.630022,0.48,ما
0.320602,0.989705,0.630022,اعتبرته
