conf,end,start,word
0.51498,0.48,0.06,حسبَ
0.51498,0.63,0.48,ما
0.261787,1.054265,0.63,نَقَلَهُ
