conf,end,start,word
1.0,0.510075,0.03,بسببِ
0.995818,0.63,0.510075,ما
0.997248,0.929505,0.63,قالت
0.875153,1.169584,0.93,إنها
