conf,end,start,word
1.0,0.51,0.0,استنكرت
1.0,0.629607,0.51,ما
0.963947,1.109447,0.63,سمتها
