conf,end,start,word
0.78067,0.45,0.03,يعقدُ
1.0,0.75,0.45,مجلسُ
1.0,0.988625,0.75,الأمن
0.927167,1.169314,0.989314,الدولي
