conf,end,start,word
0.999288,0.39,0.03,وكان
0.823001,0.691382,0.39,مجلسُ
0.783373,1.168736,0.691382,السِيادة
