conf,end,start,word
0.903414,0.299342,0.03,رسالة
1.0,0.42,0.299342,إلى
1.0,0.72,0.42,مجلسِ
1.0,0.96,0.72,الأمن
0.869994,1.167542,0.96,الدولي
