conf,end,start,word
1.0,0.42,0.03,وكان
1.0,0.78,0.42,مجلسُ
1.0,0.98497,0.78,الأمنِ
0.870184,1.168087,0.988087,الدولي
