conf,end,start,word
0.949818,0.42,0.0,انتخبَ
0.997901,0.72,0.422024,مجلسُ
1.0,0.990718,0.72,النوابِ
0.886312,1.17,0.990718,اللُبناني
