conf,end,start,word
0.97382,0.329722,0.03,كان
1.0,0.78,0.39,مجلسُ
1.0,1.109126,0.78,الأمن
