conf,end,start,word
0.880247,0.42,0.03,يناقش
1.0,0.72,0.42,مجلسُ
1.0,0.959805,0.72,الأمنِ
0.828553,1.166086,0.959805,الدولي
