conf,end,start,word
0.699272,0.21,0.0,التي
1.0,0.720062,0.21,شَمِلَتها
0.429071,1.04494,0.720062,الهجمةُ
