conf,end,start,word
0.681152,0.342001,0.12,من
0.993415,0.81,0.342001,مجلسِ
1.0,1.139375,0.81,النُواب
