conf,end,start,word
0.845529,0.42,0.03,رئيسةُ
0.607657,0.723212,0.42,مجلسِ
0.53729,1.14,0.72548,الانتخابات
