conf,end,start,word
0.349762,0.411423,0.0,مستشارَ
0.998141,0.75,0.411423,مجلسِ
1.0,0.992621,0.75,الأمنِ
0.429205,1.17,0.992621,القومي
