conf,end,start,word
0.614064,0.33,0.03,يعقدُ
1.0,0.78,0.35166,مجلسُ
1.0,0.990299,0.78,الأمنِ
0.955301,1.17,0.990299,الدولي
