conf,end,start,word
1.0,0.39,0.06,دعا
1.0,0.78,0.39,مجلسُ
1.0,0.966473,0.78,الأمنِ
0.771642,1.14,0.966473,الدولي
