conf,end,start,word
0.986473,0.269967,0.06,في
1.0,0.900489,0.269967,محافظةِ
0.572137,1.14,0.900489,المنيا
