conf,end,start,word
0.994245,0.21,0.06,في
0.967129,0.81,0.21,محافظةِ
0.93863,1.17,0.93,أبين
