conf,end,start,word
,,,في
0.998056,0.869512,0.151799,محافظةِ
0.967954,1.17,0.87,أبيَن
