conf,end,start,word
0.838642,0.3,0.03,و في
1.0,0.840146,0.3,محافظةِ
0.986382,1.14,0.840146,الأنبار
