conf,end,start,word
0.984883,0.300014,0.03,و قال
0.572837,1.012244,0.300014,محافظُ
,,,هاطاي