conf,end,start,word
0.953713,0.239791,0.03,في
1.0,0.93,0.239791,محافظةِ
0.896236,1.17,0.93,أبين
