conf,end,start,word
0.999176,0.359989,0.03,عامر
1.0,0.75,0.359989,مُحَمَد
1.0,1.14,0.75,الحسن
