conf,end,start,word
0.972786,0.420004,0.0,الكريم
0.98278,0.78,0.420004,مُحَمَد
0.956627,0.933289,0.809961,صلى
0.994216,1.05312,0.933658,اللهُ
0.872997,1.17,1.05312,عليهِ
