conf,end,start,word
1.0,0.36,0.0,أعلنَ
1.0,0.81,0.36,مُحَمَد
0.997212,0.956565,0.81,عبد
0.793672,1.14,0.96,السلام
