conf,end,start,word
0.9953,0.39,0.03,شرقَ
1.0,0.78,0.39,مدينةِ
0.614998,1.165565,0.78,الكرامة
