conf,end,start,word
0.713226,0.27,0.03,في
0.987785,0.878859,0.291668,مدينةِ
0.240338,1.139018,0.9,جِنيف
