conf,end,start,word
0.60228,0.261646,0.03,وصلت
0.994452,0.419946,0.261646,إلى
1.0,0.75,0.419946,مدينةِ
0.895406,1.17,0.75,الزَبَداني
