conf,end,start,word
0.606327,0.389539,0.03,قَبائلِ
0.992313,0.75,0.390148,مدينةِ
1.0,1.17,0.75,بَنغَازي
