conf,end,start,word
0.944831,0.36,0.03,و في
1.0,0.750047,0.36,مدينةِ
0.222032,1.169828,0.78,زُنجُبَار
