conf,end,start,word
0.935071,0.33,0.03,مُحيطِ
0.99385,0.808667,0.332214,مدينةِ
0.496748,1.139389,0.81,مِنبِج
