conf,end,start,word
1.0,0.42,0.18,في
0.995547,0.72,0.42,مدينة
0.668612,1.14,0.7202,صَعدا
