conf,end,start,word
0.997187,0.449956,0.12,و في
1.0,0.75,0.449956,مدينة
1.0,1.14,0.75,صَيْدا
