conf,end,start,word
0.970212,0.36,0.24,في
1.0,0.75,0.360351,مدينةِ
0.72456,1.167805,0.75,الحُدَيدَه
