conf,end,start,word
0.552369,0.3,0.03,خاص
0.971231,0.41999,0.301322,في
0.97671,0.75,0.420005,مدينة
0.124025,1.137647,0.750367,إزمير
