conf,end,start,word
1.0,0.45,0.03,في
1.0,0.751706,0.45,مدينةِ
0.898969,1.14,0.751706,الصِخِيرات
