conf,end,start,word
1.0,0.36,0.0,أفادَ
1.0,0.810252,0.36,مُراسلُ
0.990037,1.139388,0.810252,الجزيرة
