conf,end,start,word
0.98362,0.33,0.0,أفادَ
0.609345,0.81,0.33,مُراسلُ
1.0,1.152902,0.82172,الجزيرة
