conf,end,start,word
0.988814,0.33,0.0,أفادَ
0.988814,0.84,0.33,مُراسلُ
0.970809,1.162857,0.84,الجزيرة
