conf,end,start,word
0.983851,0.359728,0.03,نقلَ
0.532658,0.802839,0.359728,مُراسلُ
1.0,1.160415,0.802839,الجزيرة
