conf,end,start,word
0.745859,0.33,0.0,أفادَ
0.742803,0.78,0.36,مُراسلُ
1.0,1.150675,0.787716,الجزيرة
