conf,end,start,word
0.900286,0.33,0.09,قالَ
0.825097,0.78,0.330294,مُراسلُ
1.0,1.168322,0.78,الجزيرة
