conf,end,start,word
0.901989,0.39,0.0,أكَدَ
0.996474,0.78,0.390385,مُراسلُ
0.998151,1.086337,0.78,الجزيرة
,,,أن