conf,end,start,word
0.611277,0.36,0.03,نقلَ
0.929087,0.78,0.362408,مُراسِل
1.0,1.16162,0.782127,الجزيرة
