conf,end,start,word
1.0,0.36,0.0,أفادَ
0.986585,0.750157,0.36,مُراسِلُ
0.989839,1.154629,0.750157,الجزيرة
