conf,end,start,word
0.580569,0.33,0.03,و أضافَ
0.682554,0.834384,0.33,مُراسِلُ
1.0,1.168477,0.834384,الجزيرة
