conf,end,start,word
1.0,0.36,0.09,قالت
1.0,0.80982,0.36,مصادرُ
0.994009,0.900061,0.81,في
0.967208,1.17,0.900061,الكونغرس
