conf,end,start,word
0.868443,0.36,0.03,وقالت
1.0,0.810061,0.36,مصادرُ
0.995129,1.136147,0.810061,محلية
