conf,end,start,word
0.998638,0.359981,0.0,أفادت
1.0,0.78,0.359981,مصادرُ
0.473779,1.17,0.78,دُبلوماسية
