conf,end,start,word
,,,قالت
1.0,0.810017,0.332256,مصادرُ
0.985756,1.14,0.810017,محلية
