conf,end,start,word
0.871978,0.36,0.03,وقالت
1.0,0.84,0.36,مصادرُ
0.934201,1.128545,0.84,أمنية
