conf,end,start,word
0.989421,0.329949,0.03,قالت
1.0,0.81,0.329949,مصادرُ
0.931974,1.17,0.81,رسمية
