conf,end,start,word
0.812666,0.39,0.03,وقالت
1.0,0.780018,0.39,مصادرُ
0.344988,1.17,0.780018,المخابرات
