conf,end,start,word
1.0,0.69,0.45,من
0.996837,1.019483,0.69,جانبٍ
0.87771,1.168677,1.049338,آخر
