conf,end,start,word
0.94468,0.42,0.03,جلسةً
0.999022,0.659989,0.42,منَ
0.918927,1.138156,0.659989,المُنتظر
