conf,end,start,word
0.304372,0.51,0.24,و إنَ
0.998955,0.66,0.513618,من
1.0,0.930096,0.660023,غيرِ
0.510998,1.17,0.930096,المعقول
