conf,end,start,word
,,,من
1.0,0.48,0.091587,خلالِ
0.991344,0.69,0.48,مَن
0.852331,1.14,0.690184,سماها
