conf,end,start,word
0.428191,0.508934,0.03,و ثلاثينَ
0.989353,0.66,0.508934,من
1.0,0.930037,0.66,قواتِ
0.930185,1.17,0.930037,النِظام
