conf,end,start,word
0.76141,0.510085,0.0,سعوديينَ
0.991207,0.630324,0.510085,من
0.958642,1.13912,0.630324,المُدافعين
