conf,end,start,word
0.998968,0.45,0.0,أربعةٍ
0.99547,0.719254,0.45,من
0.680257,1.17,0.719254,مُسلحين
