conf,end,start,word
0.393911,0.51,0.03,مسلحونَ
0.998141,0.66,0.51,من
0.937951,0.997659,0.66,تنظيمِ
0.557923,1.17,0.997659,الدولة
