conf,end,start,word
0.921876,0.480316,0.03,عشراتٌ
0.970488,0.701612,0.480316,من
,,,الفلسطينيين