conf,end,start,word
0.96704,0.51,0.03,مقاتلونَ
1.0,0.63,0.51,من
0.999067,0.895949,0.63,إحدى
0.5488,1.17,0.9,قبائل
