conf,end,start,word
1.0,0.69,0.51,من
0.986454,0.99018,0.69,جانبٍ
0.908099,1.169656,0.99018,آخر
