conf,end,start,word
0.983195,0.45,0.0,أربعةً
1.0,0.66,0.450216,من
0.996994,1.16973,0.66,جنوده
