conf,end,start,word
0.98462,0.389802,0.12,في
1.0,0.75,0.389802,منطقةِ
1.0,1.17,0.75,الخليج
