conf,end,start,word
1.0,0.24,0.03,في
0.993562,0.867274,0.24,منطقةِ
0.677886,1.14,0.87,شرق
