conf,end,start,word
1.0,0.27,0.06,في
0.994802,0.869595,0.27,منطقةِ
0.864851,1.14,0.87018,شرق
