conf,end,start,word
1.0,0.329863,0.03,في
0.995431,0.84,0.33,منطقةِ
0.995431,1.109708,0.84,الشرق
,,,الأوسط