conf,end,start,word
1.0,0.359803,0.03,في
0.993439,0.81,0.36,منطقةِ
0.9804,1.14,0.81,الشرق
