conf,end,start,word
0.995179,0.329946,0.03,في
1.0,0.840014,0.329946,منطقةِ
0.712779,1.17,0.840014,الجوفة
