conf,end,start,word
1.0,0.299977,0.03,في
0.999237,0.81,0.3,منطقةِ
0.575302,1.166315,0.81,عمليات
