conf,end,start,word
1.0,0.33,0.03,في
1.0,0.780032,0.33,منطقةِ
0.737071,1.167252,0.780032,القرن
