conf,end,start,word
,,,في
0.779336,0.931241,0.18,منطقةٍ
0.140932,1.17,0.931241,غربية
