conf,end,start,word
0.978031,0.389852,0.24,في
0.998347,0.78,0.389852,منطقةِ
0.996713,1.043046,0.78,الشرق
,,,الأوسط
