conf,end,start,word
1.0,0.3,0.03,في
1.0,0.780066,0.3,منطقةِ
0.865362,1.17,0.780066,الصحراء
