conf,end,start,word
0.996583,0.330178,0.09,أو
0.984168,0.808953,0.330178,منطقة
0.935051,1.1078,0.81,عفواً
