conf,end,start,word
0.986695,0.299899,0.03,في
0.995738,0.869943,0.3,منطقةِ
0.899693,1.17,0.869968,بغداد
