conf,end,start,word
,,,في
0.986928,0.807918,0.301212,منطقةِ
0.944332,1.14,0.81,بغداد
