conf,end,start,word
,,,في
0.975909,0.78256,0.342924,منطقةِ
0.071989,1.14,0.78256,المضيق
