conf,end,start,word
1.0,0.33,0.03,في
1.0,0.840096,0.33,منطقةِ
0.319242,1.17,0.840096,البريقة
