conf,end,start,word
1.0,0.3,0.06,على
0.804075,0.841877,0.3,مواقِعَ
0.274679,1.17,0.841877,وتجمعات
