conf,end,start,word
1.0,0.36,0.03,على
0.938672,0.81,0.36,مواقِعَ
0.998956,0.9,0.81,في
0.716858,1.14,0.9,العاصمة
