conf,end,start,word
0.772452,0.33,0.03,عدةِ
1.0,0.810485,0.33,مواقِعَ
0.956591,1.17,0.810485,تابعة
