conf,end,start,word
1.0,0.3,0.03,إلى
1.0,0.840087,0.3,مواقِعَ
0.387701,1.167057,0.840087,لقوات
