conf,end,start,word
1.0,0.24,0.03,في
1.0,0.870628,0.24,مواقِعَ
0.340133,1.17,0.870628,قديمة
