conf,end,start,word
0.508352,0.358119,0.0,استهدفت
0.997643,0.810056,0.358119,مواقِعَ
0.74992,1.092657,0.810056,داخل
