conf,end,start,word
0.480061,0.298413,0.03,و هي
0.893492,0.838921,0.298413,مواقِعُ
,,,تُسيطر