conf,end,start,word
0.997597,0.33,0.03,قُتلَ
1.0,0.81,0.36,نحو
0.528649,1.16961,0.84,ثلاثين
