conf,end,start,word
,,,قبض
0.997917,0.42,0.124669,على
1.0,0.749092,0.42,نحوِ
0.510178,1.093323,0.75,مئتي
