conf,end,start,word
1.0,0.42,0.21,إلى
1.0,0.69,0.42,نحوِ
0.980645,1.108881,0.720133,تِسعة
