conf,end,start,word
0.989802,0.42,0.03,مقتلِ
1.0,0.7799,0.42,نحو
0.482211,1.14,0.78,مِئة
