conf,end,start,word
0.530498,0.39,0.0,و أُصيبَ
0.999483,0.752184,0.39,نحو
0.573767,1.091604,0.752184,عِشرين
