conf,end,start,word
1.0,0.42,0.03,و أُصيبَ
1.0,0.69,0.42,نحو
0.883027,0.989725,0.69,عِشرينَ
0.325482,1.082373,0.991782,آخرين
