conf,end,start,word
0.939218,0.419977,0.0,أُصيبَ
1.0,0.78,0.419977,نحو
0.936544,1.0796,0.78,مِئة
