conf,end,start,word
0.47335,0.42,0.03,مرت
0.998843,0.75,0.449925,نحوَ
0.841573,1.17,0.75,أسبوع
