conf,end,start,word
0.88646,0.450082,0.0,للمدينة
0.986682,0.72,0.450082,نحوَ
0.991594,0.930317,0.72,الريفِ
0.876263,1.14,0.930317,الغربي
