conf,end,start,word
0.986212,0.39,0.03,تمكنَ
1.0,0.78,0.390414,نحو
0.646926,1.14,0.81,ثلاثمائة
