conf,end,start,word
0.716337,0.39,0.03,و أُصيبَ
0.994352,0.75,0.39069,نحو
0.293721,1.17,0.75,مئتين
