conf,end,start,word
1.0,0.42,0.09,قُتِلَ
1.0,0.720074,0.42,نحو
0.796399,1.053439,0.75,ثلاثينَ
0.239388,1.17,1.053439,شخص
