conf,end,start,word
1.0,0.45,0.0,استمرت
0.997175,0.72,0.45,نحوَ
0.989607,1.139582,0.720086,ساعة
