conf,end,start,word
0.682256,0.345114,0.03,قُتِلوا
1.0,0.81,0.345114,و أُصيبَ
1.0,1.168246,0.81,عشرات
