conf,end,start,word
0.969236,0.388724,0.03,قُتِلوا
1.0,0.808407,0.388724,و أُصيبَ
0.928864,1.077431,0.84,خمسة
