conf,end,start,word
1.0,0.750034,0.36,و أُصيبَ
0.997277,1.010806,0.750034,أكثرُ
0.565682,1.066744,1.010806,من
