conf,end,start,word
0.995255,0.359937,0.03,قُتلوا
1.0,0.78,0.359937,و أُصيبَ
0.999319,1.052611,0.78,أكثرُ
0.547292,1.112009,1.052611,من
