conf,end,start,word
0.995673,0.870249,0.3,و أُصيبَ
0.51646,1.17,0.870249,المئات
