conf,end,start,word
1.0,0.81,0.33,و ذلِكَ
0.993144,0.932868,0.81,في
0.420252,1.169433,0.932868,انفجار
