conf,end,start,word
1.0,0.78,0.36,و ذلِكَ
1.0,0.96,0.78,عن
0.995015,1.169815,0.96,طريق
