conf,end,start,word
0.987684,0.87,0.27,و ذلِكَ
0.637451,1.13572,0.93,بعد
