conf,end,start,word
0.989423,0.299894,0.03,ليبيا
1.0,0.838179,0.299894,و ذلِكَ
0.95267,1.14,0.87,خِلال
