conf,end,start,word
0.998804,0.80806,0.36,و ذلِكَ
0.961695,1.087242,0.84,خِلال
