conf,end,start,word
0.997038,0.72,0.27,و ذلِكَ
0.997539,0.87,0.72,في
0.368497,1.14,0.87,عملية
