conf,end,start,word
0.997026,0.78,0.33,و ذلِكَ
0.996669,0.87,0.78,في
0.97428,1.14,0.87,اجتماع
