conf,end,start,word
0.95313,0.36,0.0,أصدرت
0.942253,0.75,0.360128,وزارةُ
1.0,1.1393,0.751732,الخارجية
