conf,end,start,word
0.541868,0.269286,0.03,مسؤول
1.0,0.39,0.269286,في
1.0,0.75,0.39,وزارةِ
1.0,1.14,0.75,الخارجية
