conf,end,start,word
0.755214,0.389832,0.0,أعلنت
0.856081,0.756848,0.39,وزارةُ
0.539753,1.167288,0.78,السياحة
