conf,end,start,word
0.990899,0.39,0.03,بشأنِ
0.818157,0.75,0.39,وزارةِ
1.0,1.168088,0.760763,الدفاع
