conf,end,start,word
1.0,0.36,0.03,مقر
0.991281,0.78,0.36,وزارةِ
1.0,1.16922,0.780262,الخارجية
