conf,end,start,word
0.708196,0.358655,0.03,رحبت
0.994294,0.75,0.358655,وزارةُ
1.0,1.14,0.750342,الخارجية
