conf,end,start,word
0.922816,0.389497,0.03,رفضت
0.621679,0.774353,0.389497,وزارةُ
1.0,1.163017,0.774353,الخارجية
