conf,end,start,word
1.0,0.42,0.03,نشرت
0.726489,0.776142,0.42,وزارةُ
1.0,1.167497,0.776142,الخارجية
