conf,end,start,word
0.981087,0.39,0.03,و قالَ
1.0,0.720636,0.39,وزيرُ
0.963194,1.169718,0.720636,الخارجية
