conf,end,start,word
0.999244,0.33,0.03,وكانَ
0.998904,0.720421,0.33,وزيرُ
0.967895,1.043259,0.720421,التربية
