conf,end,start,word
0.236482,0.42,0.03,أعلنَ
0.995033,0.751747,0.42,وزيرُ
0.935568,1.169079,0.751747,الخارجية
