conf,end,start,word
0.25677,0.444313,0.032029,أعمالِ
0.987645,0.720534,0.444313,وزيرِ
0.971616,1.17,0.720534,الخارجية
