conf,end,start,word
0.853691,0.39,0.03,و رفضَ
1.0,0.750045,0.39,وزيرُ
0.997178,1.169049,0.750045,الخارجية
