conf,end,start,word
0.965925,0.39,0.06,لكنَ
1.0,0.75,0.391022,وزيرَ
1.0,1.167592,0.75,الخارجية
