conf,end,start,word
0.980142,0.389717,0.0,الحوثيين
1.0,0.75013,0.389717,و قواتِ
0.988825,0.969332,0.75013,الرئيسِ
0.566534,1.17,0.969332,المخلوع
