conf,end,start,word
0.982297,0.39,0.0,الحوثي
1.0,0.78,0.39037,و قواتُ
0.994684,0.994409,0.78,الرئيسِ
0.354335,1.17,0.994409,المخلوع
