conf,end,start,word
1.0,0.39,0.0,الحوثي
0.999368,0.78,0.39,و قواتُ
0.97706,1.008046,0.78,الرئيسِ
0.190391,1.17,1.008046,المخلوع
