conf,end,start,word
1.0,0.39,0.0,الحوثي
1.0,0.75,0.39,و قوات
0.995521,0.99444,0.75,الرئيسِ
0.41483,1.17,0.99444,المخلوع
