conf,end,start,word
1.0,0.419995,0.0,أكدت
0.971794,0.720928,0.420005,وكالَةُ
0.935745,0.985713,0.720928,الأنباءِ
0.098332,1.14,1.045936,الإمارتية
