conf,end,start,word
0.997259,0.36,0.06,قالت
0.98039,0.778125,0.36,وكالَةُ
0.938717,1.17,0.78,الأنباء
