conf,end,start,word
0.991491,0.39,0.09,قالت
0.986162,0.72,0.39012,وكالَةُ
1.0,1.103251,0.72,الأناضول
