conf,end,start,word
0.975111,0.39,0.03,وقالت
1.0,0.75,0.39,وكالَةُ
0.808703,1.135015,0.75,السودان
