conf,end,start,word
0.984667,0.39,0.09,قالت
0.995738,0.78,0.39,وكالَةُ
0.801676,1.14,0.78,أعماق
