conf,end,start,word
0.417838,0.33,0.03,كشفت
0.996172,0.78,0.33,وكالَةُ
0.693043,1.14,0.78,بلومبيرغ
