conf,end,start,word
0.992482,0.39,0.06,قالت
1.0,0.78,0.390096,وكالَةُ
0.835729,1.106219,0.78,أعماق
