conf,end,start,word
0.931351,0.36,0.03,بثت
1.0,0.78,0.36,وكالَةُ
0.977865,1.169364,0.78,أعماق
