conf,end,start,word
0.526847,0.359447,0.0,أفادت
0.70685,0.750021,0.359447,وكالَةُ
0.64473,1.169056,0.750021,الصِحافة
