conf,end,start,word,diacritized_word
0.546448,0.215396,0.03,في,في
0.689385,0.478943,0.215396,أمان,أَمانٍ
0.712677,0.75,0.478943,الله,اللَّهِ
