conf,end,start,word,diacritized_word
0.959158,0.509876,0.21,ناصر,ناصِرُ
0.963234,0.629941,0.509876,ما,ما
0.950513,0.753092,0.629941,هي,هيَ
0.645848,1.11,0.753092,التفاصيل,التَّفاصيلُ
