conf,end,start,word,diacritized_word
0.552369,0.3,0.03,خاص,خاصٌّ
0.971231,0.41999,0.301322,في,في
0.97671,0.75,0.420005,مدينة,مَدينَةِ
0.124025,1.137647,0.750367,إزمير,إِزْميرْ
